dataset	model_type	experiment	experiment_name	checkpoint	module_path	layer_index	layer_type	retention_time_s	tau_1	tau_2	A_0	retention_state_dependent	retention_decay_factor_scalar	weight_abs_mean	base_effective_abs_mean	drift_pos_mean	drift_pos_l2	drift_neg_mean	drift_neg_l2	drift_effective_mean	drift_effective_std	drift_effective_l2	drift_effective_linf	drift_abs_to_weight_abs_corr	drift_abs_to_base_effective_abs_corr	script	evidence_grade
cifar100	tinyvit	V4	V4_hybrid_standard_noise_hat	/home/qiaosir/projects/compute_vit/checkpoints/_ensemble/cifar100_seed123/V4_hybrid_standard_noise_hat_best.pt	patch_embed.conv1.conv	1	AnalogConv2d	0.0	0.14	0.61	0.6	False	1.0	0.09122087061405182	2.8215277194976807	0.0	0.0	0.0	0.0	0.0	0.0	0.0	0.0	nan	nan	scripts/profile_drift_vectors.py	drift-vector-profile/provisional-model-only
cifar100	tinyvit	V4	V4_hybrid_standard_noise_hat	/home/qiaosir/projects/compute_vit/checkpoints/_ensemble/cifar100_seed123/V4_hybrid_standard_noise_hat_best.pt	patch_embed.conv1.conv	1	AnalogConv2d	1000.0	0.14	0.61	0.6	False	0.6000000238418579	0.09122087061405182	2.8215277194976807	-0.9608333110809326	36.48868179321289	-0.9677778482437134	36.870540618896484	0.006944448687136173	1.3753126859664917	40.42628860473633	3.5999999046325684	0.995837141131725	0.999999999999997	scripts/profile_drift_vectors.py	drift-vector-profile/provisional-model-only
cifar100	tinyvit	V4	V4_hybrid_standard_noise_hat	/home/qiaosir/projects/compute_vit/checkpoints/_ensemble/cifar100_seed123/V4_hybrid_standard_noise_hat_best.pt	patch_embed.conv1.conv	1	AnalogConv2d	10000.0	0.14	0.61	0.6	False	0.6000000238418579	0.09122087061405182	2.8215277194976807	-0.9608333110809326	36.48868179321289	-0.9677778482437134	36.870540618896484	0.006944448687136173	1.3753126859664917	40.42628860473633	3.5999999046325684	0.995837141131725	0.999999999999997	scripts/profile_drift_vectors.py	drift-vector-profile/provisional-model-only
cifar100	tinyvit	V4	V4_hybrid_standard_noise_hat	/home/qiaosir/projects/compute_vit/checkpoints/_ensemble/cifar100_seed123/V4_hybrid_standard_noise_hat_best.pt	patch_embed.conv1.conv	1	AnalogConv2d	86400.0	0.14	0.61	0.6	False	0.6000000238418579	0.09122087061405182	2.8215277194976807	-0.9608333110809326	36.48868179321289	-0.9677778482437134	36.870540618896484	0.006944448687136173	1.3753126859664917	40.42628860473633	3.5999999046325684	0.995837141131725	0.999999999999997	scripts/profile_drift_vectors.py	drift-vector-profile/provisional-model-only
cifar100	tinyvit	V4	V4_hybrid_standard_noise_hat	/home/qiaosir/projects/compute_vit/checkpoints/_ensemble/cifar100_seed123/V4_hybrid_standard_noise_hat_best.pt	patch_embed.conv2.conv	2	AnalogConv2d	0.0	0.14	0.61	0.6	False	1.0	0.04160580411553383	1.2697917222976685	0.0	0.0	0.0	0.0	0.0	0.0	0.0	0.0	nan	nan	scripts/profile_drift_vectors.py	drift-vector-profile/provisional-model-only
cifar100	tinyvit	V4	V4_hybrid_standard_noise_hat	/home/qiaosir/projects/compute_vit/checkpoints/_ensemble/cifar100_seed123/V4_hybrid_standard_noise_hat_best.pt	patch_embed.conv2.conv	2	AnalogConv2d	1000.0	0.14	0.61	0.6	False	0.6000000238418579	0.04160580411553383	1.2697917222976685	-0.6436849236488342	102.05117797851562	-0.6642317771911621	103.2564468383789	0.020546874031424522	0.6455300450325012	87.6844482421875	3.5999999046325684	0.9846806845256467	0.9999999999999976	scripts/profile_drift_vectors.py	drift-vector-profile/provisional-model-only
cifar100	tinyvit	V4	V4_hybrid_standard_noise_hat	/home/qiaosir/projects/compute_vit/checkpoints/_ensemble/cifar100_seed123/V4_hybrid_standard_noise_hat_best.pt	patch_embed.conv2.conv	2	AnalogConv2d	10000.0	0.14	0.61	0.6	False	0.6000000238418579	0.04160580411553383	1.2697917222976685	-0.6436849236488342	102.05117797851562	-0.6642317771911621	103.2564468383789	0.020546874031424522	0.6455300450325012	87.6844482421875	3.5999999046325684	0.9846806845256467	0.9999999999999976	scripts/profile_drift_vectors.py	drift-vector-profile/provisional-model-only
cifar100	tinyvit	V4	V4_hybrid_standard_noise_hat	/home/qiaosir/projects/compute_vit/checkpoints/_ensemble/cifar100_seed123/V4_hybrid_standard_noise_hat_best.pt	patch_embed.conv2.conv	2	AnalogConv2d	86400.0	0.14	0.61	0.6	False	0.6000000238418579	0.04160580411553383	1.2697917222976685	-0.6436849236488342	102.05117797851562	-0.6642317771911621	103.2564468383789	0.020546874031424522	0.6455300450325012	87.6844482421875	3.5999999046325684	0.9846806845256467	0.9999999999999976	scripts/profile_drift_vectors.py	drift-vector-profile/provisional-model-only
cifar100	tinyvit	V4	V4_hybrid_standard_noise_hat	/home/qiaosir/projects/compute_vit/checkpoints/_ensemble/cifar100_seed123/V4_hybrid_standard_noise_hat_best.pt	stages.1.blocks.0.attn.qkv	3	AnalogLinear	0.0	0.14	0.61	0.6	False	1.0	0.03758940473198891	1.4034546613693237	0.0	0.0	0.0	0.0	0.0	0.0	0.0	0.0	nan	nan	scripts/profile_drift_vectors.py	drift-vector-profile/provisional-model-only
cifar100	tinyvit	V4	V4_hybrid_standard_noise_hat	/home/qiaosir/projects/compute_vit/checkpoints/_ensemble/cifar100_seed123/V4_hybrid_standard_noise_hat_best.pt	stages.1.blocks.0.attn.qkv	3	AnalogLinear	1000.0	0.14	0.61	0.6	False	0.6000000238418579	0.03758940473198891	1.4034546613693237	-0.6802732944488525	178.80282592773438	-0.6811083555221558	179.3253936767578	0.0008349617710337043	0.7318350076675415	162.249755859375	3.5999999046325684	0.9890227503547576	0.9999999999999971	scripts/profile_drift_vectors.py	drift-vector-profile/provisional-model-only
cifar100	tinyvit	V4	V4_hybrid_standard_noise_hat	/home/qiaosir/projects/compute_vit/checkpoints/_ensemble/cifar100_seed123/V4_hybrid_standard_noise_hat_best.pt	stages.1.blocks.0.attn.qkv	3	AnalogLinear	10000.0	0.14	0.61	0.6	False	0.6000000238418579	0.03758940473198891	1.4034546613693237	-0.6802732944488525	178.80282592773438	-0.6811083555221558	179.3253936767578	0.0008349617710337043	0.7318350076675415	162.249755859375	3.5999999046325684	0.9890227503547576	0.9999999999999971	scripts/profile_drift_vectors.py	drift-vector-profile/provisional-model-only
cifar100	tinyvit	V4	V4_hybrid_standard_noise_hat	/home/qiaosir/projects/compute_vit/checkpoints/_ensemble/cifar100_seed123/V4_hybrid_standard_noise_hat_best.pt	stages.1.blocks.0.attn.qkv	3	AnalogLinear	86400.0	0.14	0.61	0.6	False	0.6000000238418579	0.03758940473198891	1.4034546613693237	-0.6802732944488525	178.80282592773438	-0.6811083555221558	179.3253936767578	0.0008349617710337043	0.7318350076675415	162.249755859375	3.5999999046325684	0.9890227503547576	0.9999999999999971	scripts/profile_drift_vectors.py	drift-vector-profile/provisional-model-only
cifar100	tinyvit	V4	V4_hybrid_standard_noise_hat	/home/qiaosir/projects/compute_vit/checkpoints/_ensemble/cifar100_seed123/V4_hybrid_standard_noise_hat_best.pt	stages.1.blocks.0.attn.proj	4	AnalogLinear	0.0	0.14	0.61	0.6	False	1.0	0.027866527438163757	1.6957764625549316	0.0	0.0	0.0	0.0	0.0	0.0	0.0	0.0	nan	nan	scripts/profile_drift_vectors.py	drift-vector-profile/provisional-model-only
cifar100	tinyvit	V4	V4_hybrid_standard_noise_hat	/home/qiaosir/projects/compute_vit/checkpoints/_ensemble/cifar100_seed123/V4_hybrid_standard_noise_hat_best.pt	stages.1.blocks.0.attn.proj	4	AnalogLinear	1000.0	0.14	0.61	0.6	False	0.6000000238418579	0.027866527438163757	1.6957764625549316	-0.7376317977905273	114.59593963623047	-0.7406787276268005	114.94708251953125	0.0030468758195638657	0.8633175492286682	110.50534057617188	3.5999999046325684	0.9915059830144761	0.9999999999999979	scripts/profile_drift_vectors.py	drift-vector-profile/provisional-model-only
cifar100	tinyvit	V4	V4_hybrid_standard_noise_hat	/home/qiaosir/projects/compute_vit/checkpoints/_ensemble/cifar100_seed123/V4_hybrid_standard_noise_hat_best.pt	stages.1.blocks.0.attn.proj	4	AnalogLinear	10000.0	0.14	0.61	0.6	False	0.6000000238418579	0.027866527438163757	1.6957764625549316	-0.7376317977905273	114.59593963623047	-0.7406787276268005	114.94708251953125	0.0030468758195638657	0.8633175492286682	110.50534057617188	3.5999999046325684	0.9915059830144761	0.9999999999999979	scripts/profile_drift_vectors.py	drift-vector-profile/provisional-model-only
cifar100	tinyvit	V4	V4_hybrid_standard_noise_hat	/home/qiaosir/projects/compute_vit/checkpoints/_ensemble/cifar100_seed123/V4_hybrid_standard_noise_hat_best.pt	stages.1.blocks.0.attn.proj	4	AnalogLinear	86400.0	0.14	0.61	0.6	False	0.6000000238418579	0.027866527438163757	1.6957764625549316	-0.7376317977905273	114.59593963623047	-0.7406787276268005	114.94708251953125	0.0030468758195638657	0.8633175492286682	110.50534057617188	3.5999999046325684	0.9915059830144761	0.9999999999999979	scripts/profile_drift_vectors.py	drift-vector-profile/provisional-model-only
cifar100	tinyvit	V4	V4_hybrid_standard_noise_hat	/home/qiaosir/projects/compute_vit/checkpoints/_ensemble/cifar100_seed123/V4_hybrid_standard_noise_hat_best.pt	stages.1.blocks.0.mlp.fc1	5	AnalogLinear	0.0	0.14	0.61	0.6	False	1.0	0.0388643778860569	1.5174684524536133	0.0	0.0	0.0	0.0	0.0	0.0	0.0	0.0	nan	nan	scripts/profile_drift_vectors.py	drift-vector-profile/provisional-model-only
cifar100	tinyvit	V4	V4_hybrid_standard_noise_hat	/home/qiaosir/projects/compute_vit/checkpoints/_ensemble/cifar100_seed123/V4_hybrid_standard_noise_hat_best.pt	stages.1.blocks.0.mlp.fc1	5	AnalogLinear	1000.0	0.14	0.61	0.6	False	0.6000000238418579	0.0388643778860569	1.5174684524536133	-0.7024718523025513	213.82127380371094	-0.704515278339386	214.35507202148438	0.0020434565376490355	0.7701579332351685	197.16114807128906	3.5999999046325684	0.9890277703785755	0.9999999999999964	scripts/profile_drift_vectors.py	drift-vector-profile/provisional-model-only
cifar100	tinyvit	V4	V4_hybrid_standard_noise_hat	/home/qiaosir/projects/compute_vit/checkpoints/_ensemble/cifar100_seed123/V4_hybrid_standard_noise_hat_best.pt	stages.1.blocks.0.mlp.fc1	5	AnalogLinear	10000.0	0.14	0.61	0.6	False	0.6000000238418579	0.0388643778860569	1.5174684524536133	-0.7024718523025513	213.82127380371094	-0.704515278339386	214.35507202148438	0.0020434565376490355	0.7701579332351685	197.16114807128906	3.5999999046325684	0.9890277703785755	0.9999999999999964	scripts/profile_drift_vectors.py	drift-vector-profile/provisional-model-only
cifar100	tinyvit	V4	V4_hybrid_standard_noise_hat	/home/qiaosir/projects/compute_vit/checkpoints/_ensemble/cifar100_seed123/V4_hybrid_standard_noise_hat_best.pt	stages.1.blocks.0.mlp.fc1	5	AnalogLinear	86400.0	0.14	0.61	0.6	False	0.6000000238418579	0.0388643778860569	1.5174684524536133	-0.7024718523025513	213.82127380371094	-0.704515278339386	214.35507202148438	0.0020434565376490355	0.7701579332351685	197.16114807128906	3.5999999046325684	0.9890277703785755	0.9999999999999964	scripts/profile_drift_vectors.py	drift-vector-profile/provisional-model-only
cifar100	tinyvit	V4	V4_hybrid_standard_noise_hat	/home/qiaosir/projects/compute_vit/checkpoints/_ensemble/cifar100_seed123/V4_hybrid_standard_noise_hat_best.pt	stages.1.blocks.0.mlp.fc2	6	AnalogLinear	0.0	0.14	0.61	0.6	False	1.0	0.03616523742675781	1.6335663795471191	0.0	0.0	0.0	0.0	0.0	0.0	0.0	0.0	nan	nan	scripts/profile_drift_vectors.py	drift-vector-profile/provisional-model-only
cifar100	tinyvit	V4	V4_hybrid_standard_noise_hat	/home/qiaosir/projects/compute_vit/checkpoints/_ensemble/cifar100_seed123/V4_hybrid_standard_noise_hat_best.pt	stages.1.blocks.0.mlp.fc2	6	AnalogLinear	1000.0	0.14	0.61	0.6	False	0.6000000238418579	0.03616523742675781	1.6335663795471191	-0.7278099060058594	224.07908630371094	-0.7256163358688354	223.6146697998047	-0.0021936041302978992	0.8285004496574402	212.09686279296875	3.5999999046325684	0.9905624271104702	0.999999999999999	scripts/profile_drift_vectors.py	drift-vector-profile/provisional-model-only
cifar100	tinyvit	V4	V4_hybrid_standard_noise_hat	/home/qiaosir/projects/compute_vit/checkpoints/_ensemble/cifar100_seed123/V4_hybrid_standard_noise_hat_best.pt	stages.1.blocks.0.mlp.fc2	6	AnalogLinear	10000.0	0.14	0.61	0.6	False	0.6000000238418579	0.03616523742675781	1.6335663795471191	-0.7278099060058594	224.07908630371094	-0.7256163358688354	223.6146697998047	-0.0021936041302978992	0.8285004496574402	212.09686279296875	3.5999999046325684	0.9905624271104702	0.999999999999999	scripts/profile_drift_vectors.py	drift-vector-profile/provisional-model-only
cifar100	tinyvit	V4	V4_hybrid_standard_noise_hat	/home/qiaosir/projects/compute_vit/checkpoints/_ensemble/cifar100_seed123/V4_hybrid_standard_noise_hat_best.pt	stages.1.blocks.0.mlp.fc2	6	AnalogLinear	86400.0	0.14	0.61	0.6	False	0.6000000238418579	0.03616523742675781	1.6335663795471191	-0.7278099060058594	224.07908630371094	-0.7256163358688354	223.6146697998047	-0.0021936041302978992	0.8285004496574402	212.09686279296875	3.5999999046325684	0.9905624271104702	0.999999999999999	scripts/profile_drift_vectors.py	drift-vector-profile/provisional-model-only
cifar100	tinyvit	V4	V4_hybrid_standard_noise_hat	/home/qiaosir/projects/compute_vit/checkpoints/_ensemble/cifar100_seed123/V4_hybrid_standard_noise_hat_best.pt	stages.1.blocks.1.attn.qkv	7	AnalogLinear	0.0	0.14	0.61	0.6	False	1.0	0.041800886392593384	1.5516847372055054	0.0	0.0	0.0	0.0	0.0	0.0	0.0	0.0	nan	nan	scripts/profile_drift_vectors.py	drift-vector-profile/provisional-model-only
cifar100	tinyvit	V4	V4_hybrid_standard_noise_hat	/home/qiaosir/projects/compute_vit/checkpoints/_ensemble/cifar100_seed123/V4_hybrid_standard_noise_hat_best.pt	stages.1.blocks.1.attn.qkv	7	AnalogLinear	1000.0	0.14	0.61	0.6	False	0.6000000238418579	0.041800886392593384	1.5516847372055054	-0.7094384431838989	188.72023010253906	-0.7112352252006531	189.20559692382812	0.001796875847503543	0.7977350354194641	176.86029052734375	3.5999999046325684	0.9903364452615995	0.9999999999999977	scripts/profile_drift_vectors.py	drift-vector-profile/provisional-model-only
cifar100	tinyvit	V4	V4_hybrid_standard_noise_hat	/home/qiaosir/projects/compute_vit/checkpoints/_ensemble/cifar100_seed123/V4_hybrid_standard_noise_hat_best.pt	stages.1.blocks.1.attn.qkv	7	AnalogLinear	10000.0	0.14	0.61	0.6	False	0.6000000238418579	0.041800886392593384	1.5516847372055054	-0.7094384431838989	188.72023010253906	-0.7112352252006531	189.20559692382812	0.001796875847503543	0.7977350354194641	176.86029052734375	3.5999999046325684	0.9903364452615995	0.9999999999999977	scripts/profile_drift_vectors.py	drift-vector-profile/provisional-model-only
cifar100	tinyvit	V4	V4_hybrid_standard_noise_hat	/home/qiaosir/projects/compute_vit/checkpoints/_ensemble/cifar100_seed123/V4_hybrid_standard_noise_hat_best.pt	stages.1.blocks.1.attn.qkv	7	AnalogLinear	86400.0	0.14	0.61	0.6	False	0.6000000238418579	0.041800886392593384	1.5516847372055054	-0.7094384431838989	188.72023010253906	-0.7112352252006531	189.20559692382812	0.001796875847503543	0.7977350354194641	176.86029052734375	3.5999999046325684	0.9903364452615995	0.9999999999999977	scripts/profile_drift_vectors.py	drift-vector-profile/provisional-model-only
cifar100	tinyvit	V4	V4_hybrid_standard_noise_hat	/home/qiaosir/projects/compute_vit/checkpoints/_ensemble/cifar100_seed123/V4_hybrid_standard_noise_hat_best.pt	stages.1.blocks.1.attn.proj	8	AnalogLinear	0.0	0.14	0.61	0.6	False	1.0	0.033024292439222336	1.5692873001098633	0.0	0.0	0.0	0.0	0.0	0.0	0.0	0.0	nan	nan	scripts/profile_drift_vectors.py	drift-vector-profile/provisional-model-only
cifar100	tinyvit	V4	V4_hybrid_standard_noise_hat	/home/qiaosir/projects/compute_vit/checkpoints/_ensemble/cifar100_seed123/V4_hybrid_standard_noise_hat_best.pt	stages.1.blocks.1.attn.proj	8	AnalogLinear	1000.0	0.14	0.61	0.6	False	0.6000000238418579	0.033024292439222336	1.5692873001098633	-0.7123193144798279	109.31416320800781	-0.715395450592041	109.63038635253906	0.0030761719681322575	0.8004587888717651	102.45948028564453	3.5999999046325684	0.989930646218807	0.999999999999997	scripts/profile_drift_vectors.py	drift-vector-profile/provisional-model-only
cifar100	tinyvit	V4	V4_hybrid_standard_noise_hat	/home/qiaosir/projects/compute_vit/checkpoints/_ensemble/cifar100_seed123/V4_hybrid_standard_noise_hat_best.pt	stages.1.blocks.1.attn.proj	8	AnalogLinear	10000.0	0.14	0.61	0.6	False	0.6000000238418579	0.033024292439222336	1.5692873001098633	-0.7123193144798279	109.31416320800781	-0.715395450592041	109.63038635253906	0.0030761719681322575	0.8004587888717651	102.45948028564453	3.5999999046325684	0.989930646218807	0.999999999999997	scripts/profile_drift_vectors.py	drift-vector-profile/provisional-model-only
cifar100	tinyvit	V4	V4_hybrid_standard_noise_hat	/home/qiaosir/projects/compute_vit/checkpoints/_ensemble/cifar100_seed123/V4_hybrid_standard_noise_hat_best.pt	stages.1.blocks.1.attn.proj	8	AnalogLinear	86400.0	0.14	0.61	0.6	False	0.6000000238418579	0.033024292439222336	1.5692873001098633	-0.7123193144798279	109.31416320800781	-0.715395450592041	109.63038635253906	0.0030761719681322575	0.8004587888717651	102.45948028564453	3.5999999046325684	0.989930646218807	0.999999999999997	scripts/profile_drift_vectors.py	drift-vector-profile/provisional-model-only
cifar100	tinyvit	V4	V4_hybrid_standard_noise_hat	/home/qiaosir/projects/compute_vit/checkpoints/_ensemble/cifar100_seed123/V4_hybrid_standard_noise_hat_best.pt	stages.1.blocks.1.mlp.fc1	9	AnalogLinear	0.0	0.14	0.61	0.6	False	1.0	0.038679495453834534	1.2315492630004883	0.0	0.0	0.0	0.0	0.0	0.0	0.0	0.0	nan	nan	scripts/profile_drift_vectors.py	drift-vector-profile/provisional-model-only
cifar100	tinyvit	V4	V4_hybrid_standard_noise_hat	/home/qiaosir/projects/compute_vit/checkpoints/_ensemble/cifar100_seed123/V4_hybrid_standard_noise_hat_best.pt	stages.1.blocks.1.mlp.fc1	9	AnalogLinear	1000.0	0.14	0.61	0.6	False	0.6000000238418579	0.038679495453834534	1.2315492630004883	-0.6427061557769775	189.39210510253906	-0.6499131917953491	191.57833862304688	0.007207032293081284	0.6270626783370972	160.5386505126953	3.5999999046325684	0.9836969100641484	0.9999999999999991	scripts/profile_drift_vectors.py	drift-vector-profile/provisional-model-only
cifar100	tinyvit	V4	V4_hybrid_standard_noise_hat	/home/qiaosir/projects/compute_vit/checkpoints/_ensemble/cifar100_seed123/V4_hybrid_standard_noise_hat_best.pt	stages.1.blocks.1.mlp.fc1	9	AnalogLinear	10000.0	0.14	0.61	0.6	False	0.6000000238418579	0.038679495453834534	1.2315492630004883	-0.6427061557769775	189.39210510253906	-0.6499131917953491	191.57833862304688	0.007207032293081284	0.6270626783370972	160.5386505126953	3.5999999046325684	0.9836969100641484	0.9999999999999991	scripts/profile_drift_vectors.py	drift-vector-profile/provisional-model-only
cifar100	tinyvit	V4	V4_hybrid_standard_noise_hat	/home/qiaosir/projects/compute_vit/checkpoints/_ensemble/cifar100_seed123/V4_hybrid_standard_noise_hat_best.pt	stages.1.blocks.1.mlp.fc1	9	AnalogLinear	86400.0	0.14	0.61	0.6	False	0.6000000238418579	0.038679495453834534	1.2315492630004883	-0.6427061557769775	189.39210510253906	-0.6499131917953491	191.57833862304688	0.007207032293081284	0.6270626783370972	160.5386505126953	3.5999999046325684	0.9836969100641484	0.9999999999999991	scripts/profile_drift_vectors.py	drift-vector-profile/provisional-model-only
cifar100	tinyvit	V4	V4_hybrid_standard_noise_hat	/home/qiaosir/projects/compute_vit/checkpoints/_ensemble/cifar100_seed123/V4_hybrid_standard_noise_hat_best.pt	stages.1.blocks.1.mlp.fc2	10	AnalogLinear	0.0	0.14	0.61	0.6	False	1.0	0.03277108445763588	1.5301117897033691	0.0	0.0	0.0	0.0	0.0	0.0	0.0	0.0	nan	nan	scripts/profile_drift_vectors.py	drift-vector-profile/provisional-model-only
cifar100	tinyvit	V4	V4_hybrid_standard_noise_hat	/home/qiaosir/projects/compute_vit/checkpoints/_ensemble/cifar100_seed123/V4_hybrid_standard_noise_hat_best.pt	stages.1.blocks.1.mlp.fc2	10	AnalogLinear	1000.0	0.14	0.61	0.6	False	0.6000000238418579	0.03277108445763588	1.5301117897033691	-0.7014134526252747	213.46617126464844	-0.7106310129165649	216.43724060058594	0.009217528626322746	0.7748472094535828	198.3749237060547	3.5999999046325684	0.9892568518649288	0.9999999999999967	scripts/profile_drift_vectors.py	drift-vector-profile/provisional-model-only
cifar100	tinyvit	V4	V4_hybrid_standard_noise_hat	/home/qiaosir/projects/compute_vit/checkpoints/_ensemble/cifar100_seed123/V4_hybrid_standard_noise_hat_best.pt	stages.1.blocks.1.mlp.fc2	10	AnalogLinear	10000.0	0.14	0.61	0.6	False	0.6000000238418579	0.03277108445763588	1.5301117897033691	-0.7014134526252747	213.46617126464844	-0.7106310129165649	216.43724060058594	0.009217528626322746	0.7748472094535828	198.3749237060547	3.5999999046325684	0.9892568518649288	0.9999999999999967	scripts/profile_drift_vectors.py	drift-vector-profile/provisional-model-only
cifar100	tinyvit	V4	V4_hybrid_standard_noise_hat	/home/qiaosir/projects/compute_vit/checkpoints/_ensemble/cifar100_seed123/V4_hybrid_standard_noise_hat_best.pt	stages.1.blocks.1.mlp.fc2	10	AnalogLinear	86400.0	0.14	0.61	0.6	False	0.6000000238418579	0.03277108445763588	1.5301117897033691	-0.7014134526252747	213.46617126464844	-0.7106310129165649	216.43724060058594	0.009217528626322746	0.7748472094535828	198.3749237060547	3.5999999046325684	0.9892568518649288	0.9999999999999967	scripts/profile_drift_vectors.py	drift-vector-profile/provisional-model-only
cifar100	tinyvit	V4	V4_hybrid_standard_noise_hat	/home/qiaosir/projects/compute_vit/checkpoints/_ensemble/cifar100_seed123/V4_hybrid_standard_noise_hat_best.pt	stages.2.blocks.0.attn.qkv	11	AnalogLinear	0.0	0.14	0.61	0.6	False	1.0	0.035775672644376755	1.355672001838684	0.0	0.0	0.0	0.0	0.0	0.0	0.0	0.0	nan	nan	scripts/profile_drift_vectors.py	drift-vector-profile/provisional-model-only
cifar100	tinyvit	V4	V4_hybrid_standard_noise_hat	/home/qiaosir/projects/compute_vit/checkpoints/_ensemble/cifar100_seed123/V4_hybrid_standard_noise_hat_best.pt	stages.2.blocks.0.attn.qkv	11	AnalogLinear	1000.0	0.14	0.61	0.6	False	0.6000000238418579	0.035775672644376755	1.355672001838684	-0.6713280081748962	218.7919464111328	-0.6709404587745667	218.77017211914062	-0.0003874999238178134	0.7019069194793701	194.5181884765625	3.5999999046325684	0.9877355496895995	0.9999999999999952	scripts/profile_drift_vectors.py	drift-vector-profile/provisional-model-only
cifar100	tinyvit	V4	V4_hybrid_standard_noise_hat	/home/qiaosir/projects/compute_vit/checkpoints/_ensemble/cifar100_seed123/V4_hybrid_standard_noise_hat_best.pt	stages.2.blocks.0.attn.qkv	11	AnalogLinear	10000.0	0.14	0.61	0.6	False	0.6000000238418579	0.035775672644376755	1.355672001838684	-0.6713280081748962	218.7919464111328	-0.6709404587745667	218.77017211914062	-0.0003874999238178134	0.7019069194793701	194.5181884765625	3.5999999046325684	0.9877355496895995	0.9999999999999952	scripts/profile_drift_vectors.py	drift-vector-profile/provisional-model-only
cifar100	tinyvit	V4	V4_hybrid_standard_noise_hat	/home/qiaosir/projects/compute_vit/checkpoints/_ensemble/cifar100_seed123/V4_hybrid_standard_noise_hat_best.pt	stages.2.blocks.0.attn.qkv	11	AnalogLinear	86400.0	0.14	0.61	0.6	False	0.6000000238418579	0.035775672644376755	1.355672001838684	-0.6713280081748962	218.7919464111328	-0.6709404587745667	218.77017211914062	-0.0003874999238178134	0.7019069194793701	194.5181884765625	3.5999999046325684	0.9877355496895995	0.9999999999999952	scripts/profile_drift_vectors.py	drift-vector-profile/provisional-model-only
cifar100	tinyvit	V4	V4_hybrid_standard_noise_hat	/home/qiaosir/projects/compute_vit/checkpoints/_ensemble/cifar100_seed123/V4_hybrid_standard_noise_hat_best.pt	stages.2.blocks.0.attn.proj	12	AnalogLinear	0.0	0.14	0.61	0.6	False	1.0	0.030406460165977478	1.6953517198562622	0.0	0.0	0.0	0.0	0.0	0.0	0.0	0.0	nan	nan	scripts/profile_drift_vectors.py	drift-vector-profile/provisional-model-only
cifar100	tinyvit	V4	V4_hybrid_standard_noise_hat	/home/qiaosir/projects/compute_vit/checkpoints/_ensemble/cifar100_seed123/V4_hybrid_standard_noise_hat_best.pt	stages.2.blocks.0.attn.proj	12	AnalogLinear	1000.0	0.14	0.61	0.6	False	0.6000000238418579	0.030406460165977478	1.6953517198562622	-0.7330093383789062	142.42689514160156	-0.7451311945915222	144.89132690429688	0.012121874839067459	0.8659089207649231	138.5590057373047	3.5999999046325684	0.9915033736391196	0.9999999999999963	scripts/profile_drift_vectors.py	drift-vector-profile/provisional-model-only
cifar100	tinyvit	V4	V4_hybrid_standard_noise_hat	/home/qiaosir/projects/compute_vit/checkpoints/_ensemble/cifar100_seed123/V4_hybrid_standard_noise_hat_best.pt	stages.2.blocks.0.attn.proj	12	AnalogLinear	10000.0	0.14	0.61	0.6	False	0.6000000238418579	0.030406460165977478	1.6953517198562622	-0.7330093383789062	142.42689514160156	-0.7451311945915222	144.89132690429688	0.012121874839067459	0.8659089207649231	138.5590057373047	3.5999999046325684	0.9915033736391196	0.9999999999999963	scripts/profile_drift_vectors.py	drift-vector-profile/provisional-model-only
cifar100	tinyvit	V4	V4_hybrid_standard_noise_hat	/home/qiaosir/projects/compute_vit/checkpoints/_ensemble/cifar100_seed123/V4_hybrid_standard_noise_hat_best.pt	stages.2.blocks.0.attn.proj	12	AnalogLinear	86400.0	0.14	0.61	0.6	False	0.6000000238418579	0.030406460165977478	1.6953517198562622	-0.7330093383789062	142.42689514160156	-0.7451311945915222	144.89132690429688	0.012121874839067459	0.8659089207649231	138.5590057373047	3.5999999046325684	0.9915033736391196	0.9999999999999963	scripts/profile_drift_vectors.py	drift-vector-profile/provisional-model-only
cifar100	tinyvit	V4	V4_hybrid_standard_noise_hat	/home/qiaosir/projects/compute_vit/checkpoints/_ensemble/cifar100_seed123/V4_hybrid_standard_noise_hat_best.pt	stages.2.blocks.0.mlp.fc1	13	AnalogLinear	0.0	0.14	0.61	0.6	False	1.0	0.04137805104255676	1.4353653192520142	0.0	0.0	0.0	0.0	0.0	0.0	0.0	0.0	nan	nan	scripts/profile_drift_vectors.py	drift-vector-profile/provisional-model-only
cifar100	tinyvit	V4	V4_hybrid_standard_noise_hat	/home/qiaosir/projects/compute_vit/checkpoints/_ensemble/cifar100_seed123/V4_hybrid_standard_noise_hat_best.pt	stages.2.blocks.0.mlp.fc1	13	AnalogLinear	1000.0	0.14	0.61	0.6	False	0.6000000238418579	0.04137805104255676	1.4353653192520142	-0.6829935908317566	257.8956298828125	-0.6911521553993225	260.87774658203125	0.008158593438565731	0.7312667965888977	234.0199432373047	3.5999999046325684	0.9880446372683968	0.9999999999999969	scripts/profile_drift_vectors.py	drift-vector-profile/provisional-model-only
cifar100	tinyvit	V4	V4_hybrid_standard_noise_hat	/home/qiaosir/projects/compute_vit/checkpoints/_ensemble/cifar100_seed123/V4_hybrid_standard_noise_hat_best.pt	stages.2.blocks.0.mlp.fc1	13	AnalogLinear	10000.0	0.14	0.61	0.6	False	0.6000000238418579	0.04137805104255676	1.4353653192520142	-0.6829935908317566	257.8956298828125	-0.6911521553993225	260.87774658203125	0.008158593438565731	0.7312667965888977	234.0199432373047	3.5999999046325684	0.9880446372683968	0.9999999999999969	scripts/profile_drift_vectors.py	drift-vector-profile/provisional-model-only
cifar100	tinyvit	V4	V4_hybrid_standard_noise_hat	/home/qiaosir/projects/compute_vit/checkpoints/_ensemble/cifar100_seed123/V4_hybrid_standard_noise_hat_best.pt	stages.2.blocks.0.mlp.fc1	13	AnalogLinear	86400.0	0.14	0.61	0.6	False	0.6000000238418579	0.04137805104255676	1.4353653192520142	-0.6829935908317566	257.8956298828125	-0.6911521553993225	260.87774658203125	0.008158593438565731	0.7312667965888977	234.0199432373047	3.5999999046325684	0.9880446372683968	0.9999999999999969	scripts/profile_drift_vectors.py	drift-vector-profile/provisional-model-only
cifar100	tinyvit	V4	V4_hybrid_standard_noise_hat	/home/qiaosir/projects/compute_vit/checkpoints/_ensemble/cifar100_seed123/V4_hybrid_standard_noise_hat_best.pt	stages.2.blocks.0.mlp.fc2	14	AnalogLinear	0.0	0.14	0.61	0.6	False	1.0	0.038172319531440735	1.3228710889816284	0.0	0.0	0.0	0.0	0.0	0.0	0.0	0.0	nan	nan	scripts/profile_drift_vectors.py	drift-vector-profile/provisional-model-only
cifar100	tinyvit	V4	V4_hybrid_standard_noise_hat	/home/qiaosir/projects/compute_vit/checkpoints/_ensemble/cifar100_seed123/V4_hybrid_standard_noise_hat_best.pt	stages.2.blocks.0.mlp.fc2	14	AnalogLinear	1000.0	0.14	0.61	0.6	False	0.6000000238418579	0.038172319531440735	1.3228710889816284	-0.6655279994010925	248.19808959960938	-0.663620114326477	247.18006896972656	-0.001907812780700624	0.674479603767395	215.8343505859375	3.5999999046325684	0.9860524994727942	0.9999999999999988	scripts/profile_drift_vectors.py	drift-vector-profile/provisional-model-only
cifar100	tinyvit	V4	V4_hybrid_standard_noise_hat	/home/qiaosir/projects/compute_vit/checkpoints/_ensemble/cifar100_seed123/V4_hybrid_standard_noise_hat_best.pt	stages.2.blocks.0.mlp.fc2	14	AnalogLinear	10000.0	0.14	0.61	0.6	False	0.6000000238418579	0.038172319531440735	1.3228710889816284	-0.6655279994010925	248.19808959960938	-0.663620114326477	247.18006896972656	-0.001907812780700624	0.674479603767395	215.8343505859375	3.5999999046325684	0.9860524994727942	0.9999999999999988	scripts/profile_drift_vectors.py	drift-vector-profile/provisional-model-only
cifar100	tinyvit	V4	V4_hybrid_standard_noise_hat	/home/qiaosir/projects/compute_vit/checkpoints/_ensemble/cifar100_seed123/V4_hybrid_standard_noise_hat_best.pt	stages.2.blocks.0.mlp.fc2	14	AnalogLinear	86400.0	0.14	0.61	0.6	False	0.6000000238418579	0.038172319531440735	1.3228710889816284	-0.6655279994010925	248.19808959960938	-0.663620114326477	247.18006896972656	-0.001907812780700624	0.674479603767395	215.8343505859375	3.5999999046325684	0.9860524994727942	0.9999999999999988	scripts/profile_drift_vectors.py	drift-vector-profile/provisional-model-only
cifar100	tinyvit	V4	V4_hybrid_standard_noise_hat	/home/qiaosir/projects/compute_vit/checkpoints/_ensemble/cifar100_seed123/V4_hybrid_standard_noise_hat_best.pt	stages.2.blocks.1.attn.qkv	15	AnalogLinear	0.0	0.14	0.61	0.6	False	1.0	0.040481630712747574	1.4980782270431519	0.0	0.0	0.0	0.0	0.0	0.0	0.0	0.0	nan	nan	scripts/profile_drift_vectors.py	drift-vector-profile/provisional-model-only
cifar100	tinyvit	V4	V4_hybrid_standard_noise_hat	/home/qiaosir/projects/compute_vit/checkpoints/_ensemble/cifar100_seed123/V4_hybrid_standard_noise_hat_best.pt	stages.2.blocks.1.attn.qkv	15	AnalogLinear	1000.0	0.14	0.61	0.6	False	0.6000000238418579	0.040481630712747574	1.4980782270431519	-0.6989030241966248	231.1226348876953	-0.70032799243927	231.43869018554688	0.001425000256858766	0.7704556584358215	213.51531982421875	3.5999999046325684	0.9896462152723681	0.9999999999999992	scripts/profile_drift_vectors.py	drift-vector-profile/provisional-model-only
cifar100	tinyvit	V4	V4_hybrid_standard_noise_hat	/home/qiaosir/projects/compute_vit/checkpoints/_ensemble/cifar100_seed123/V4_hybrid_standard_noise_hat_best.pt	stages.2.blocks.1.attn.qkv	15	AnalogLinear	10000.0	0.14	0.61	0.6	False	0.6000000238418579	0.040481630712747574	1.4980782270431519	-0.6989030241966248	231.1226348876953	-0.70032799243927	231.43869018554688	0.001425000256858766	0.7704556584358215	213.51531982421875	3.5999999046325684	0.9896462152723681	0.9999999999999992	scripts/profile_drift_vectors.py	drift-vector-profile/provisional-model-only
cifar100	tinyvit	V4	V4_hybrid_standard_noise_hat	/home/qiaosir/projects/compute_vit/checkpoints/_ensemble/cifar100_seed123/V4_hybrid_standard_noise_hat_best.pt	stages.2.blocks.1.attn.qkv	15	AnalogLinear	86400.0	0.14	0.61	0.6	False	0.6000000238418579	0.040481630712747574	1.4980782270431519	-0.6989030241966248	231.1226348876953	-0.70032799243927	231.43869018554688	0.001425000256858766	0.7704556584358215	213.51531982421875	3.5999999046325684	0.9896462152723681	0.9999999999999992	scripts/profile_drift_vectors.py	drift-vector-profile/provisional-model-only
cifar100	tinyvit	V4	V4_hybrid_standard_noise_hat	/home/qiaosir/projects/compute_vit/checkpoints/_ensemble/cifar100_seed123/V4_hybrid_standard_noise_hat_best.pt	stages.2.blocks.1.attn.proj	16	AnalogLinear	0.0	0.14	0.61	0.6	False	1.0	0.03310996666550636	1.7022188901901245	0.0	0.0	0.0	0.0	0.0	0.0	0.0	0.0	nan	nan	scripts/profile_drift_vectors.py	drift-vector-profile/provisional-model-only
cifar100	tinyvit	V4	V4_hybrid_standard_noise_hat	/home/qiaosir/projects/compute_vit/checkpoints/_ensemble/cifar100_seed123/V4_hybrid_standard_noise_hat_best.pt	stages.2.blocks.1.attn.proj	16	AnalogLinear	1000.0	0.14	0.61	0.6	False	0.6000000238418579	0.03310996666550636	1.7022188901901245	-0.7482061386108398	145.94363403320312	-0.732681155204773	142.2489013671875	-0.015524998307228088	0.8703346848487854	139.27569580078125	3.5999999046325684	0.9917031833000597	0.9999999999999958	scripts/profile_drift_vectors.py	drift-vector-profile/provisional-model-only
cifar100	tinyvit	V4	V4_hybrid_standard_noise_hat	/home/qiaosir/projects/compute_vit/checkpoints/_ensemble/cifar100_seed123/V4_hybrid_standard_noise_hat_best.pt	stages.2.blocks.1.attn.proj	16	AnalogLinear	10000.0	0.14	0.61	0.6	False	0.6000000238418579	0.03310996666550636	1.7022188901901245	-0.7482061386108398	145.94363403320312	-0.732681155204773	142.2489013671875	-0.015524998307228088	0.8703346848487854	139.27569580078125	3.5999999046325684	0.9917031833000597	0.9999999999999958	scripts/profile_drift_vectors.py	drift-vector-profile/provisional-model-only
cifar100	tinyvit	V4	V4_hybrid_standard_noise_hat	/home/qiaosir/projects/compute_vit/checkpoints/_ensemble/cifar100_seed123/V4_hybrid_standard_noise_hat_best.pt	stages.2.blocks.1.attn.proj	16	AnalogLinear	86400.0	0.14	0.61	0.6	False	0.6000000238418579	0.03310996666550636	1.7022188901901245	-0.7482061386108398	145.94363403320312	-0.732681155204773	142.2489013671875	-0.015524998307228088	0.8703346848487854	139.27569580078125	3.5999999046325684	0.9917031833000597	0.9999999999999958	scripts/profile_drift_vectors.py	drift-vector-profile/provisional-model-only
cifar100	tinyvit	V4	V4_hybrid_standard_noise_hat	/home/qiaosir/projects/compute_vit/checkpoints/_ensemble/cifar100_seed123/V4_hybrid_standard_noise_hat_best.pt	stages.2.blocks.1.mlp.fc1	17	AnalogLinear	0.0	0.14	0.61	0.6	False	1.0	0.048105478286743164	0.2769433557987213	0.0	0.0	0.0	0.0	0.0	0.0	0.0	0.0	nan	nan	scripts/profile_drift_vectors.py	drift-vector-profile/provisional-model-only
cifar100	tinyvit	V4	V4_hybrid_standard_noise_hat	/home/qiaosir/projects/compute_vit/checkpoints/_ensemble/cifar100_seed123/V4_hybrid_standard_noise_hat_best.pt	stages.2.blocks.1.mlp.fc1	17	AnalogLinear	1000.0	0.14	0.61	0.6	False	0.6000000238418579	0.048105478286743164	0.2769433557987213	-0.4571240246295929	150.36849975585938	-0.453652948141098	149.1636199951172	-0.0034710937179625034	0.17162974178791046	54.9327507019043	3.5999999046325684	0.8626355531248213	0.9999999999999934	scripts/profile_drift_vectors.py	drift-vector-profile/provisional-model-only
cifar100	tinyvit	V4	V4_hybrid_standard_noise_hat	/home/qiaosir/projects/compute_vit/checkpoints/_ensemble/cifar100_seed123/V4_hybrid_standard_noise_hat_best.pt	stages.2.blocks.1.mlp.fc1	17	AnalogLinear	10000.0	0.14	0.61	0.6	False	0.6000000238418579	0.048105478286743164	0.2769433557987213	-0.4571240246295929	150.36849975585938	-0.453652948141098	149.1636199951172	-0.0034710937179625034	0.17162974178791046	54.9327507019043	3.5999999046325684	0.8626355531248213	0.9999999999999934	scripts/profile_drift_vectors.py	drift-vector-profile/provisional-model-only
cifar100	tinyvit	V4	V4_hybrid_standard_noise_hat	/home/qiaosir/projects/compute_vit/checkpoints/_ensemble/cifar100_seed123/V4_hybrid_standard_noise_hat_best.pt	stages.2.blocks.1.mlp.fc1	17	AnalogLinear	86400.0	0.14	0.61	0.6	False	0.6000000238418579	0.048105478286743164	0.2769433557987213	-0.4571240246295929	150.36849975585938	-0.453652948141098	149.1636199951172	-0.0034710937179625034	0.17162974178791046	54.9327507019043	3.5999999046325684	0.8626355531248213	0.9999999999999934	scripts/profile_drift_vectors.py	drift-vector-profile/provisional-model-only
cifar100	tinyvit	V4	V4_hybrid_standard_noise_hat	/home/qiaosir/projects/compute_vit/checkpoints/_ensemble/cifar100_seed123/V4_hybrid_standard_noise_hat_best.pt	stages.2.blocks.1.mlp.fc2	18	AnalogLinear	0.0	0.14	0.61	0.6	False	1.0	0.024385176599025726	1.5348048210144043	0.0	0.0	0.0	0.0	0.0	0.0	0.0	0.0	nan	nan	scripts/profile_drift_vectors.py	drift-vector-profile/provisional-model-only
cifar100	tinyvit	V4	V4_hybrid_standard_noise_hat	/home/qiaosir/projects/compute_vit/checkpoints/_ensemble/cifar100_seed123/V4_hybrid_standard_noise_hat_best.pt	stages.2.blocks.1.mlp.fc2	18	AnalogLinear	1000.0	0.14	0.61	0.6	False	0.6000000238418579	0.024385176599025726	1.5348048210144043	-0.7034686207771301	268.4747314453125	-0.7104530334472656	271.5329895019531	0.006984374951571226	0.7827697992324829	250.49630737304688	3.5999999046325684	0.9897756061155116	0.9999999999999969	scripts/profile_drift_vectors.py	drift-vector-profile/provisional-model-only
cifar100	tinyvit	V4	V4_hybrid_standard_noise_hat	/home/qiaosir/projects/compute_vit/checkpoints/_ensemble/cifar100_seed123/V4_hybrid_standard_noise_hat_best.pt	stages.2.blocks.1.mlp.fc2	18	AnalogLinear	10000.0	0.14	0.61	0.6	False	0.6000000238418579	0.024385176599025726	1.5348048210144043	-0.7034686207771301	268.4747314453125	-0.7104530334472656	271.5329895019531	0.006984374951571226	0.7827697992324829	250.49630737304688	3.5999999046325684	0.9897756061155116	0.9999999999999969	scripts/profile_drift_vectors.py	drift-vector-profile/provisional-model-only
cifar100	tinyvit	V4	V4_hybrid_standard_noise_hat	/home/qiaosir/projects/compute_vit/checkpoints/_ensemble/cifar100_seed123/V4_hybrid_standard_noise_hat_best.pt	stages.2.blocks.1.mlp.fc2	18	AnalogLinear	86400.0	0.14	0.61	0.6	False	0.6000000238418579	0.024385176599025726	1.5348048210144043	-0.7034686207771301	268.4747314453125	-0.7104530334472656	271.5329895019531	0.006984374951571226	0.7827697992324829	250.49630737304688	3.5999999046325684	0.9897756061155116	0.9999999999999969	scripts/profile_drift_vectors.py	drift-vector-profile/provisional-model-only
cifar100	tinyvit	V4	V4_hybrid_standard_noise_hat	/home/qiaosir/projects/compute_vit/checkpoints/_ensemble/cifar100_seed123/V4_hybrid_standard_noise_hat_best.pt	stages.2.blocks.2.attn.qkv	19	AnalogLinear	0.0	0.14	0.61	0.6	False	1.0	0.03757740184664726	1.4537500143051147	0.0	0.0	0.0	0.0	0.0	0.0	0.0	0.0	nan	nan	scripts/profile_drift_vectors.py	drift-vector-profile/provisional-model-only
cifar100	tinyvit	V4	V4_hybrid_standard_noise_hat	/home/qiaosir/projects/compute_vit/checkpoints/_ensemble/cifar100_seed123/V4_hybrid_standard_noise_hat_best.pt	stages.2.blocks.2.attn.qkv	19	AnalogLinear	1000.0	0.14	0.61	0.6	False	0.6000000238418579	0.03757740184664726	1.4537500143051147	-0.6905905604362488	225.8788299560547	-0.6909092664718628	226.44525146484375	0.0003187499532941729	0.739469051361084	204.92767333984375	3.5999999046325684	0.9883896147140911	1.0	scripts/profile_drift_vectors.py	drift-vector-profile/provisional-model-only
cifar100	tinyvit	V4	V4_hybrid_standard_noise_hat	/home/qiaosir/projects/compute_vit/checkpoints/_ensemble/cifar100_seed123/V4_hybrid_standard_noise_hat_best.pt	stages.2.blocks.2.attn.qkv	19	AnalogLinear	10000.0	0.14	0.61	0.6	False	0.6000000238418579	0.03757740184664726	1.4537500143051147	-0.6905905604362488	225.8788299560547	-0.6909092664718628	226.44525146484375	0.0003187499532941729	0.739469051361084	204.92767333984375	3.5999999046325684	0.9883896147140911	1.0	scripts/profile_drift_vectors.py	drift-vector-profile/provisional-model-only
cifar100	tinyvit	V4	V4_hybrid_standard_noise_hat	/home/qiaosir/projects/compute_vit/checkpoints/_ensemble/cifar100_seed123/V4_hybrid_standard_noise_hat_best.pt	stages.2.blocks.2.attn.qkv	19	AnalogLinear	86400.0	0.14	0.61	0.6	False	0.6000000238418579	0.03757740184664726	1.4537500143051147	-0.6905905604362488	225.8788299560547	-0.6909092664718628	226.44525146484375	0.0003187499532941729	0.739469051361084	204.92767333984375	3.5999999046325684	0.9883896147140911	1.0	scripts/profile_drift_vectors.py	drift-vector-profile/provisional-model-only
cifar100	tinyvit	V4	V4_hybrid_standard_noise_hat	/home/qiaosir/projects/compute_vit/checkpoints/_ensemble/cifar100_seed123/V4_hybrid_standard_noise_hat_best.pt	stages.2.blocks.2.attn.proj	20	AnalogLinear	0.0	0.14	0.61	0.6	False	1.0	0.0379733145236969	1.4183672666549683	0.0	0.0	0.0	0.0	0.0	0.0	0.0	0.0	nan	nan	scripts/profile_drift_vectors.py	drift-vector-profile/provisional-model-only
cifar100	tinyvit	V4	V4_hybrid_standard_noise_hat	/home/qiaosir/projects/compute_vit/checkpoints/_ensemble/cifar100_seed123/V4_hybrid_standard_noise_hat_best.pt	stages.2.blocks.2.attn.proj	20	AnalogLinear	1000.0	0.14	0.61	0.6	False	0.6000000238418579	0.0379733145236969	1.4183672666549683	-0.68359375	128.91070556640625	-0.6837530136108398	129.22213745117188	0.0001593753695487976	0.7263206839561462	116.21131134033203	3.5999999046325684	0.9880718671411806	0.9999999999999964	scripts/profile_drift_vectors.py	drift-vector-profile/provisional-model-only
cifar100	tinyvit	V4	V4_hybrid_standard_noise_hat	/home/qiaosir/projects/compute_vit/checkpoints/_ensemble/cifar100_seed123/V4_hybrid_standard_noise_hat_best.pt	stages.2.blocks.2.attn.proj	20	AnalogLinear	10000.0	0.14	0.61	0.6	False	0.6000000238418579	0.0379733145236969	1.4183672666549683	-0.68359375	128.91070556640625	-0.6837530136108398	129.22213745117188	0.0001593753695487976	0.7263206839561462	116.21131134033203	3.5999999046325684	0.9880718671411806	0.9999999999999964	scripts/profile_drift_vectors.py	drift-vector-profile/provisional-model-only
cifar100	tinyvit	V4	V4_hybrid_standard_noise_hat	/home/qiaosir/projects/compute_vit/checkpoints/_ensemble/cifar100_seed123/V4_hybrid_standard_noise_hat_best.pt	stages.2.blocks.2.attn.proj	20	AnalogLinear	86400.0	0.14	0.61	0.6	False	0.6000000238418579	0.0379733145236969	1.4183672666549683	-0.68359375	128.91070556640625	-0.6837530136108398	129.22213745117188	0.0001593753695487976	0.7263206839561462	116.21131134033203	3.5999999046325684	0.9880718671411806	0.9999999999999964	scripts/profile_drift_vectors.py	drift-vector-profile/provisional-model-only
cifar100	tinyvit	V4	V4_hybrid_standard_noise_hat	/home/qiaosir/projects/compute_vit/checkpoints/_ensemble/cifar100_seed123/V4_hybrid_standard_noise_hat_best.pt	stages.2.blocks.2.mlp.fc1	21	AnalogLinear	0.0	0.14	0.61	0.6	False	1.0	0.04070992395281792	1.4718751907348633	0.0	0.0	0.0	0.0	0.0	0.0	0.0	0.0	nan	nan	scripts/profile_drift_vectors.py	drift-vector-profile/provisional-model-only
cifar100	tinyvit	V4	V4_hybrid_standard_noise_hat	/home/qiaosir/projects/compute_vit/checkpoints/_ensemble/cifar100_seed123/V4_hybrid_standard_noise_hat_best.pt	stages.2.blocks.2.mlp.fc1	21	AnalogLinear	1000.0	0.14	0.61	0.6	False	0.6000000238418579	0.04070992395281792	1.4718751907348633	-0.6934139728546143	262.5892028808594	-0.6953358054161072	263.40472412109375	0.001921874238178134	0.7482818365097046	239.4509735107422	3.5999999046325684	0.988462558249723	0.999999999999996	scripts/profile_drift_vectors.py	drift-vector-profile/provisional-model-only
cifar100	tinyvit	V4	V4_hybrid_standard_noise_hat	/home/qiaosir/projects/compute_vit/checkpoints/_ensemble/cifar100_seed123/V4_hybrid_standard_noise_hat_best.pt	stages.2.blocks.2.mlp.fc1	21	AnalogLinear	10000.0	0.14	0.61	0.6	False	0.6000000238418579	0.04070992395281792	1.4718751907348633	-0.6934139728546143	262.5892028808594	-0.6953358054161072	263.40472412109375	0.001921874238178134	0.7482818365097046	239.4509735107422	3.5999999046325684	0.988462558249723	0.999999999999996	scripts/profile_drift_vectors.py	drift-vector-profile/provisional-model-only
cifar100	tinyvit	V4	V4_hybrid_standard_noise_hat	/home/qiaosir/projects/compute_vit/checkpoints/_ensemble/cifar100_seed123/V4_hybrid_standard_noise_hat_best.pt	stages.2.blocks.2.mlp.fc1	21	AnalogLinear	86400.0	0.14	0.61	0.6	False	0.6000000238418579	0.04070992395281792	1.4718751907348633	-0.6934139728546143	262.5892028808594	-0.6953358054161072	263.40472412109375	0.001921874238178134	0.7482818365097046	239.4509735107422	3.5999999046325684	0.988462558249723	0.999999999999996	scripts/profile_drift_vectors.py	drift-vector-profile/provisional-model-only
cifar100	tinyvit	V4	V4_hybrid_standard_noise_hat	/home/qiaosir/projects/compute_vit/checkpoints/_ensemble/cifar100_seed123/V4_hybrid_standard_noise_hat_best.pt	stages.2.blocks.2.mlp.fc2	22	AnalogLinear	0.0	0.14	0.61	0.6	False	1.0	0.03880536928772926	1.4735684394836426	0.0	0.0	0.0	0.0	0.0	0.0	0.0	0.0	nan	nan	scripts/profile_drift_vectors.py	drift-vector-profile/provisional-model-only
cifar100	tinyvit	V4	V4_hybrid_standard_noise_hat	/home/qiaosir/projects/compute_vit/checkpoints/_ensemble/cifar100_seed123/V4_hybrid_standard_noise_hat_best.pt	stages.2.blocks.2.mlp.fc2	22	AnalogLinear	1000.0	0.14	0.61	0.6	False	0.6000000238418579	0.03880536928772926	1.4735684394836426	-0.6917498707771301	262.322265625	-0.6976771950721741	264.5157775878906	0.005927343387156725	0.750807523727417	240.26589965820312	3.5999999046325684	0.9886994672272845	0.9999999999999994	scripts/profile_drift_vectors.py	drift-vector-profile/provisional-model-only
cifar100	tinyvit	V4	V4_hybrid_standard_noise_hat	/home/qiaosir/projects/compute_vit/checkpoints/_ensemble/cifar100_seed123/V4_hybrid_standard_noise_hat_best.pt	stages.2.blocks.2.mlp.fc2	22	AnalogLinear	10000.0	0.14	0.61	0.6	False	0.6000000238418579	0.03880536928772926	1.4735684394836426	-0.6917498707771301	262.322265625	-0.6976771950721741	264.5157775878906	0.005927343387156725	0.750807523727417	240.26589965820312	3.5999999046325684	0.9886994672272845	0.9999999999999994	scripts/profile_drift_vectors.py	drift-vector-profile/provisional-model-only
cifar100	tinyvit	V4	V4_hybrid_standard_noise_hat	/home/qiaosir/projects/compute_vit/checkpoints/_ensemble/cifar100_seed123/V4_hybrid_standard_noise_hat_best.pt	stages.2.blocks.2.mlp.fc2	22	AnalogLinear	86400.0	0.14	0.61	0.6	False	0.6000000238418579	0.03880536928772926	1.4735684394836426	-0.6917498707771301	262.322265625	-0.6976771950721741	264.5157775878906	0.005927343387156725	0.750807523727417	240.26589965820312	3.5999999046325684	0.9886994672272845	0.9999999999999994	scripts/profile_drift_vectors.py	drift-vector-profile/provisional-model-only
cifar100	tinyvit	V4	V4_hybrid_standard_noise_hat	/home/qiaosir/projects/compute_vit/checkpoints/_ensemble/cifar100_seed123/V4_hybrid_standard_noise_hat_best.pt	stages.2.blocks.3.attn.qkv	23	AnalogLinear	0.0	0.14	0.61	0.6	False	1.0	0.039701759815216064	1.3580235242843628	0.0	0.0	0.0	0.0	0.0	0.0	0.0	0.0	nan	nan	scripts/profile_drift_vectors.py	drift-vector-profile/provisional-model-only
cifar100	tinyvit	V4	V4_hybrid_standard_noise_hat	/home/qiaosir/projects/compute_vit/checkpoints/_ensemble/cifar100_seed123/V4_hybrid_standard_noise_hat_best.pt	stages.2.blocks.3.attn.qkv	23	AnalogLinear	1000.0	0.14	0.61	0.6	False	0.6000000238418579	0.039701759815216064	1.3580235242843628	-0.6711498498916626	218.35858154296875	-0.6720592379570007	218.5627899169922	0.0009093747939914465	0.698764979839325	193.64759826660156	3.5999999046325684	0.9874467177359758	0.9999999999999978	scripts/profile_drift_vectors.py	drift-vector-profile/provisional-model-only
cifar100	tinyvit	V4	V4_hybrid_standard_noise_hat	/home/qiaosir/projects/compute_vit/checkpoints/_ensemble/cifar100_seed123/V4_hybrid_standard_noise_hat_best.pt	stages.2.blocks.3.attn.qkv	23	AnalogLinear	10000.0	0.14	0.61	0.6	False	0.6000000238418579	0.039701759815216064	1.3580235242843628	-0.6711498498916626	218.35858154296875	-0.6720592379570007	218.5627899169922	0.0009093747939914465	0.698764979839325	193.64759826660156	3.5999999046325684	0.9874467177359758	0.9999999999999978	scripts/profile_drift_vectors.py	drift-vector-profile/provisional-model-only
cifar100	tinyvit	V4	V4_hybrid_standard_noise_hat	/home/qiaosir/projects/compute_vit/checkpoints/_ensemble/cifar100_seed123/V4_hybrid_standard_noise_hat_best.pt	stages.2.blocks.3.attn.qkv	23	AnalogLinear	86400.0	0.14	0.61	0.6	False	0.6000000238418579	0.039701759815216064	1.3580235242843628	-0.6711498498916626	218.35858154296875	-0.6720592379570007	218.5627899169922	0.0009093747939914465	0.698764979839325	193.64759826660156	3.5999999046325684	0.9874467177359758	0.9999999999999978	scripts/profile_drift_vectors.py	drift-vector-profile/provisional-model-only
cifar100	tinyvit	V4	V4_hybrid_standard_noise_hat	/home/qiaosir/projects/compute_vit/checkpoints/_ensemble/cifar100_seed123/V4_hybrid_standard_noise_hat_best.pt	stages.2.blocks.3.attn.proj	24	AnalogLinear	0.0	0.14	0.61	0.6	False	1.0	0.0362575501203537	1.4867111444473267	0.0	0.0	0.0	0.0	0.0	0.0	0.0	0.0	nan	nan	scripts/profile_drift_vectors.py	drift-vector-profile/provisional-model-only
cifar100	tinyvit	V4	V4_hybrid_standard_noise_hat	/home/qiaosir/projects/compute_vit/checkpoints/_ensemble/cifar100_seed123/V4_hybrid_standard_noise_hat_best.pt	stages.2.blocks.3.attn.proj	24	AnalogLinear	1000.0	0.14	0.61	0.6	False	0.6000000238418579	0.0362575501203537	1.4867111444473267	-0.6994749307632446	133.21385192871094	-0.6952093243598938	131.83306884765625	-0.004265624564141035	0.7591702938079834	121.46916198730469	3.5999999046325684	0.9889802717676107	0.9999999999999973	scripts/profile_drift_vectors.py	drift-vector-profile/provisional-model-only
cifar100	tinyvit	V4	V4_hybrid_standard_noise_hat	/home/qiaosir/projects/compute_vit/checkpoints/_ensemble/cifar100_seed123/V4_hybrid_standard_noise_hat_best.pt	stages.2.blocks.3.attn.proj	24	AnalogLinear	10000.0	0.14	0.61	0.6	False	0.6000000238418579	0.0362575501203537	1.4867111444473267	-0.6994749307632446	133.21385192871094	-0.6952093243598938	131.83306884765625	-0.004265624564141035	0.7591702938079834	121.46916198730469	3.5999999046325684	0.9889802717676107	0.9999999999999973	scripts/profile_drift_vectors.py	drift-vector-profile/provisional-model-only
cifar100	tinyvit	V4	V4_hybrid_standard_noise_hat	/home/qiaosir/projects/compute_vit/checkpoints/_ensemble/cifar100_seed123/V4_hybrid_standard_noise_hat_best.pt	stages.2.blocks.3.attn.proj	24	AnalogLinear	86400.0	0.14	0.61	0.6	False	0.6000000238418579	0.0362575501203537	1.4867111444473267	-0.6994749307632446	133.21385192871094	-0.6952093243598938	131.83306884765625	-0.004265624564141035	0.7591702938079834	121.46916198730469	3.5999999046325684	0.9889802717676107	0.9999999999999973	scripts/profile_drift_vectors.py	drift-vector-profile/provisional-model-only
cifar100	tinyvit	V4	V4_hybrid_standard_noise_hat	/home/qiaosir/projects/compute_vit/checkpoints/_ensemble/cifar100_seed123/V4_hybrid_standard_noise_hat_best.pt	stages.2.blocks.3.mlp.fc1	25	AnalogLinear	0.0	0.14	0.61	0.6	False	1.0	0.04236947372555733	1.3880916833877563	0.0	0.0	0.0	0.0	0.0	0.0	0.0	0.0	nan	nan	scripts/profile_drift_vectors.py	drift-vector-profile/provisional-model-only
cifar100	tinyvit	V4	V4_hybrid_standard_noise_hat	/home/qiaosir/projects/compute_vit/checkpoints/_ensemble/cifar100_seed123/V4_hybrid_standard_noise_hat_best.pt	stages.2.blocks.3.mlp.fc1	25	AnalogLinear	1000.0	0.14	0.61	0.6	False	0.6000000238418579	0.04236947372555733	1.3880916833877563	-0.679124116897583	255.0331573486328	-0.6761123538017273	253.4965362548828	-0.003011720022186637	0.7060598731040955	225.9412384033203	3.5999999046325684	0.9871276528815525	1.0	scripts/profile_drift_vectors.py	drift-vector-profile/provisional-model-only
cifar100	tinyvit	V4	V4_hybrid_standard_noise_hat	/home/qiaosir/projects/compute_vit/checkpoints/_ensemble/cifar100_seed123/V4_hybrid_standard_noise_hat_best.pt	stages.2.blocks.3.mlp.fc1	25	AnalogLinear	10000.0	0.14	0.61	0.6	False	0.6000000238418579	0.04236947372555733	1.3880916833877563	-0.679124116897583	255.0331573486328	-0.6761123538017273	253.4965362548828	-0.003011720022186637	0.7060598731040955	225.9412384033203	3.5999999046325684	0.9871276528815525	1.0	scripts/profile_drift_vectors.py	drift-vector-profile/provisional-model-only
cifar100	tinyvit	V4	V4_hybrid_standard_noise_hat	/home/qiaosir/projects/compute_vit/checkpoints/_ensemble/cifar100_seed123/V4_hybrid_standard_noise_hat_best.pt	stages.2.blocks.3.mlp.fc1	25	AnalogLinear	86400.0	0.14	0.61	0.6	False	0.6000000238418579	0.04236947372555733	1.3880916833877563	-0.679124116897583	255.0331573486328	-0.6761123538017273	253.4965362548828	-0.003011720022186637	0.7060598731040955	225.9412384033203	3.5999999046325684	0.9871276528815525	1.0	scripts/profile_drift_vectors.py	drift-vector-profile/provisional-model-only
cifar100	tinyvit	V4	V4_hybrid_standard_noise_hat	/home/qiaosir/projects/compute_vit/checkpoints/_ensemble/cifar100_seed123/V4_hybrid_standard_noise_hat_best.pt	stages.2.blocks.3.mlp.fc2	26	AnalogLinear	0.0	0.14	0.61	0.6	False	1.0	0.038093723356723785	1.571877121925354	0.0	0.0	0.0	0.0	0.0	0.0	0.0	0.0	nan	nan	scripts/profile_drift_vectors.py	drift-vector-profile/provisional-model-only
cifar100	tinyvit	V4	V4_hybrid_standard_noise_hat	/home/qiaosir/projects/compute_vit/checkpoints/_ensemble/cifar100_seed123/V4_hybrid_standard_noise_hat_best.pt	stages.2.blocks.3.mlp.fc2	26	AnalogLinear	1000.0	0.14	0.61	0.6	False	0.6000000238418579	0.038093723356723785	1.571877121925354	-0.716947615146637	274.13330078125	-0.7118030190467834	272.6805114746094	-0.0051445309072732925	0.7981042861938477	255.398681640625	3.5999999046325684	0.9898815169183612	0.9999999999999962	scripts/profile_drift_vectors.py	drift-vector-profile/provisional-model-only
cifar100	tinyvit	V4	V4_hybrid_standard_noise_hat	/home/qiaosir/projects/compute_vit/checkpoints/_ensemble/cifar100_seed123/V4_hybrid_standard_noise_hat_best.pt	stages.2.blocks.3.mlp.fc2	26	AnalogLinear	10000.0	0.14	0.61	0.6	False	0.6000000238418579	0.038093723356723785	1.571877121925354	-0.716947615146637	274.13330078125	-0.7118030190467834	272.6805114746094	-0.0051445309072732925	0.7981042861938477	255.398681640625	3.5999999046325684	0.9898815169183612	0.9999999999999962	scripts/profile_drift_vectors.py	drift-vector-profile/provisional-model-only
cifar100	tinyvit	V4	V4_hybrid_standard_noise_hat	/home/qiaosir/projects/compute_vit/checkpoints/_ensemble/cifar100_seed123/V4_hybrid_standard_noise_hat_best.pt	stages.2.blocks.3.mlp.fc2	26	AnalogLinear	86400.0	0.14	0.61	0.6	False	0.6000000238418579	0.038093723356723785	1.571877121925354	-0.716947615146637	274.13330078125	-0.7118030190467834	272.6805114746094	-0.0051445309072732925	0.7981042861938477	255.398681640625	3.5999999046325684	0.9898815169183612	0.9999999999999962	scripts/profile_drift_vectors.py	drift-vector-profile/provisional-model-only
cifar100	tinyvit	V4	V4_hybrid_standard_noise_hat	/home/qiaosir/projects/compute_vit/checkpoints/_ensemble/cifar100_seed123/V4_hybrid_standard_noise_hat_best.pt	stages.2.blocks.4.attn.qkv	27	AnalogLinear	0.0	0.14	0.61	0.6	False	1.0	0.04246023669838905	1.486039161682129	0.0	0.0	0.0	0.0	0.0	0.0	0.0	0.0	nan	nan	scripts/profile_drift_vectors.py	drift-vector-profile/provisional-model-only
cifar100	tinyvit	V4	V4_hybrid_standard_noise_hat	/home/qiaosir/projects/compute_vit/checkpoints/_ensemble/cifar100_seed123/V4_hybrid_standard_noise_hat_best.pt	stages.2.blocks.4.attn.qkv	27	AnalogLinear	1000.0	0.14	0.61	0.6	False	0.6000000238418579	0.04246023669838905	1.486039161682129	-0.6972467303276062	229.6156005859375	-0.6971686482429504	229.77481079101562	-7.812490366632119e-05	0.7605413794517517	210.76742553710938	3.5999999046325684	0.9891597388353619	0.9999999999999989	scripts/profile_drift_vectors.py	drift-vector-profile/provisional-model-only
cifar100	tinyvit	V4	V4_hybrid_standard_noise_hat	/home/qiaosir/projects/compute_vit/checkpoints/_ensemble/cifar100_seed123/V4_hybrid_standard_noise_hat_best.pt	stages.2.blocks.4.attn.qkv	27	AnalogLinear	10000.0	0.14	0.61	0.6	False	0.6000000238418579	0.04246023669838905	1.486039161682129	-0.6972467303276062	229.6156005859375	-0.6971686482429504	229.77481079101562	-7.812490366632119e-05	0.7605413794517517	210.76742553710938	3.5999999046325684	0.9891597388353619	0.9999999999999989	scripts/profile_drift_vectors.py	drift-vector-profile/provisional-model-only
cifar100	tinyvit	V4	V4_hybrid_standard_noise_hat	/home/qiaosir/projects/compute_vit/checkpoints/_ensemble/cifar100_seed123/V4_hybrid_standard_noise_hat_best.pt	stages.2.blocks.4.attn.qkv	27	AnalogLinear	86400.0	0.14	0.61	0.6	False	0.6000000238418579	0.04246023669838905	1.486039161682129	-0.6972467303276062	229.6156005859375	-0.6971686482429504	229.77481079101562	-7.812490366632119e-05	0.7605413794517517	210.76742553710938	3.5999999046325684	0.9891597388353619	0.9999999999999989	scripts/profile_drift_vectors.py	drift-vector-profile/provisional-model-only
cifar100	tinyvit	V4	V4_hybrid_standard_noise_hat	/home/qiaosir/projects/compute_vit/checkpoints/_ensemble/cifar100_seed123/V4_hybrid_standard_noise_hat_best.pt	stages.2.blocks.4.attn.proj	28	AnalogLinear	0.0	0.14	0.61	0.6	False	1.0	0.03688307851552963	1.4944219589233398	0.0	0.0	0.0	0.0	0.0	0.0	0.0	0.0	nan	nan	scripts/profile_drift_vectors.py	drift-vector-profile/provisional-model-only
cifar100	tinyvit	V4	V4_hybrid_standard_noise_hat	/home/qiaosir/projects/compute_vit/checkpoints/_ensemble/cifar100_seed123/V4_hybrid_standard_noise_hat_best.pt	stages.2.blocks.4.attn.proj	28	AnalogLinear	1000.0	0.14	0.61	0.6	False	0.6000000238418579	0.03688307851552963	1.4944219589233398	-0.7009655833244324	133.59661865234375	-0.696803092956543	132.8703155517578	-0.0041624996811151505	0.7671943306922913	122.7529067993164	3.5999999046325684	0.9893840517227107	0.9999999999999969	scripts/profile_drift_vectors.py	drift-vector-profile/provisional-model-only
cifar100	tinyvit	V4	V4_hybrid_standard_noise_hat	/home/qiaosir/projects/compute_vit/checkpoints/_ensemble/cifar100_seed123/V4_hybrid_standard_noise_hat_best.pt	stages.2.blocks.4.attn.proj	28	AnalogLinear	10000.0	0.14	0.61	0.6	False	0.6000000238418579	0.03688307851552963	1.4944219589233398	-0.7009655833244324	133.59661865234375	-0.696803092956543	132.8703155517578	-0.0041624996811151505	0.7671943306922913	122.7529067993164	3.5999999046325684	0.9893840517227107	0.9999999999999969	scripts/profile_drift_vectors.py	drift-vector-profile/provisional-model-only
cifar100	tinyvit	V4	V4_hybrid_standard_noise_hat	/home/qiaosir/projects/compute_vit/checkpoints/_ensemble/cifar100_seed123/V4_hybrid_standard_noise_hat_best.pt	stages.2.blocks.4.attn.proj	28	AnalogLinear	86400.0	0.14	0.61	0.6	False	0.6000000238418579	0.03688307851552963	1.4944219589233398	-0.7009655833244324	133.59661865234375	-0.696803092956543	132.8703155517578	-0.0041624996811151505	0.7671943306922913	122.7529067993164	3.5999999046325684	0.9893840517227107	0.9999999999999969	scripts/profile_drift_vectors.py	drift-vector-profile/provisional-model-only
cifar100	tinyvit	V4	V4_hybrid_standard_noise_hat	/home/qiaosir/projects/compute_vit/checkpoints/_ensemble/cifar100_seed123/V4_hybrid_standard_noise_hat_best.pt	stages.2.blocks.4.mlp.fc1	29	AnalogLinear	0.0	0.14	0.61	0.6	False	1.0	0.04285147786140442	1.522670030593872	0.0	0.0	0.0	0.0	0.0	0.0	0.0	0.0	nan	nan	scripts/profile_drift_vectors.py	drift-vector-profile/provisional-model-only
cifar100	tinyvit	V4	V4_hybrid_standard_noise_hat	/home/qiaosir/projects/compute_vit/checkpoints/_ensemble/cifar100_seed123/V4_hybrid_standard_noise_hat_best.pt	stages.2.blocks.4.mlp.fc1	29	AnalogLinear	1000.0	0.14	0.61	0.6	False	0.6000000238418579	0.04285147786140442	1.522670030593872	-0.7017037868499756	266.7950744628906	-0.707364022731781	269.34844970703125	0.005660154856741428	0.7722108364105225	247.11412048339844	3.5999999046325684	0.9890782056908944	0.9999999999999981	scripts/profile_drift_vectors.py	drift-vector-profile/provisional-model-only
cifar100	tinyvit	V4	V4_hybrid_standard_noise_hat	/home/qiaosir/projects/compute_vit/checkpoints/_ensemble/cifar100_seed123/V4_hybrid_standard_noise_hat_best.pt	stages.2.blocks.4.mlp.fc1	29	AnalogLinear	10000.0	0.14	0.61	0.6	False	0.6000000238418579	0.04285147786140442	1.522670030593872	-0.7017037868499756	266.7950744628906	-0.707364022731781	269.34844970703125	0.005660154856741428	0.7722108364105225	247.11412048339844	3.5999999046325684	0.9890782056908944	0.9999999999999981	scripts/profile_drift_vectors.py	drift-vector-profile/provisional-model-only
cifar100	tinyvit	V4	V4_hybrid_standard_noise_hat	/home/qiaosir/projects/compute_vit/checkpoints/_ensemble/cifar100_seed123/V4_hybrid_standard_noise_hat_best.pt	stages.2.blocks.4.mlp.fc1	29	AnalogLinear	86400.0	0.14	0.61	0.6	False	0.6000000238418579	0.04285147786140442	1.522670030593872	-0.7017037868499756	266.7950744628906	-0.707364022731781	269.34844970703125	0.005660154856741428	0.7722108364105225	247.11412048339844	3.5999999046325684	0.9890782056908944	0.9999999999999981	scripts/profile_drift_vectors.py	drift-vector-profile/provisional-model-only
cifar100	tinyvit	V4	V4_hybrid_standard_noise_hat	/home/qiaosir/projects/compute_vit/checkpoints/_ensemble/cifar100_seed123/V4_hybrid_standard_noise_hat_best.pt	stages.2.blocks.4.mlp.fc2	30	AnalogLinear	0.0	0.14	0.61	0.6	False	1.0	0.03803134337067604	1.5420178174972534	0.0	0.0	0.0	0.0	0.0	0.0	0.0	0.0	nan	nan	scripts/profile_drift_vectors.py	drift-vector-profile/provisional-model-only
cifar100	tinyvit	V4	V4_hybrid_standard_noise_hat	/home/qiaosir/projects/compute_vit/checkpoints/_ensemble/cifar100_seed123/V4_hybrid_standard_noise_hat_best.pt	stages.2.blocks.4.mlp.fc2	30	AnalogLinear	1000.0	0.14	0.61	0.6	False	0.6000000238418579	0.03803134337067604	1.5420178174972534	-0.7085358500480652	270.2113037109375	-0.7082710266113281	269.964599609375	-0.0002648437221068889	0.7818636298179626	250.1964111328125	3.5999999046325684	0.9894017721155841	0.9999999999999992	scripts/profile_drift_vectors.py	drift-vector-profile/provisional-model-only
cifar100	tinyvit	V4	V4_hybrid_standard_noise_hat	/home/qiaosir/projects/compute_vit/checkpoints/_ensemble/cifar100_seed123/V4_hybrid_standard_noise_hat_best.pt	stages.2.blocks.4.mlp.fc2	30	AnalogLinear	10000.0	0.14	0.61	0.6	False	0.6000000238418579	0.03803134337067604	1.5420178174972534	-0.7085358500480652	270.2113037109375	-0.7082710266113281	269.964599609375	-0.0002648437221068889	0.7818636298179626	250.1964111328125	3.5999999046325684	0.9894017721155841	0.9999999999999992	scripts/profile_drift_vectors.py	drift-vector-profile/provisional-model-only
cifar100	tinyvit	V4	V4_hybrid_standard_noise_hat	/home/qiaosir/projects/compute_vit/checkpoints/_ensemble/cifar100_seed123/V4_hybrid_standard_noise_hat_best.pt	stages.2.blocks.4.mlp.fc2	30	AnalogLinear	86400.0	0.14	0.61	0.6	False	0.6000000238418579	0.03803134337067604	1.5420178174972534	-0.7085358500480652	270.2113037109375	-0.7082710266113281	269.964599609375	-0.0002648437221068889	0.7818636298179626	250.1964111328125	3.5999999046325684	0.9894017721155841	0.9999999999999992	scripts/profile_drift_vectors.py	drift-vector-profile/provisional-model-only
cifar100	tinyvit	V4	V4_hybrid_standard_noise_hat	/home/qiaosir/projects/compute_vit/checkpoints/_ensemble/cifar100_seed123/V4_hybrid_standard_noise_hat_best.pt	stages.2.blocks.5.attn.qkv	31	AnalogLinear	0.0	0.14	0.61	0.6	False	1.0	0.0426458939909935	1.4152032136917114	0.0	0.0	0.0	0.0	0.0	0.0	0.0	0.0	nan	nan	scripts/profile_drift_vectors.py	drift-vector-profile/provisional-model-only
cifar100	tinyvit	V4	V4_hybrid_standard_noise_hat	/home/qiaosir/projects/compute_vit/checkpoints/_ensemble/cifar100_seed123/V4_hybrid_standard_noise_hat_best.pt	stages.2.blocks.5.attn.qkv	31	AnalogLinear	1000.0	0.14	0.61	0.6	False	0.6000000238418579	0.0426458939909935	1.4152032136917114	-0.6825779676437378	223.00518798828125	-0.6835029721260071	223.2257537841797	0.0009250000584870577	0.7235344648361206	200.5119171142578	3.5999999046325684	0.9879735590689371	0.999999999999996	scripts/profile_drift_vectors.py	drift-vector-profile/provisional-model-only
cifar100	tinyvit	V4	V4_hybrid_standard_noise_hat	/home/qiaosir/projects/compute_vit/checkpoints/_ensemble/cifar100_seed123/V4_hybrid_standard_noise_hat_best.pt	stages.2.blocks.5.attn.qkv	31	AnalogLinear	10000.0	0.14	0.61	0.6	False	0.6000000238418579	0.0426458939909935	1.4152032136917114	-0.6825779676437378	223.00518798828125	-0.6835029721260071	223.2257537841797	0.0009250000584870577	0.7235344648361206	200.5119171142578	3.5999999046325684	0.9879735590689371	0.999999999999996	scripts/profile_drift_vectors.py	drift-vector-profile/provisional-model-only
cifar100	tinyvit	V4	V4_hybrid_standard_noise_hat	/home/qiaosir/projects/compute_vit/checkpoints/_ensemble/cifar100_seed123/V4_hybrid_standard_noise_hat_best.pt	stages.2.blocks.5.attn.qkv	31	AnalogLinear	86400.0	0.14	0.61	0.6	False	0.6000000238418579	0.0426458939909935	1.4152032136917114	-0.6825779676437378	223.00518798828125	-0.6835029721260071	223.2257537841797	0.0009250000584870577	0.7235344648361206	200.5119171142578	3.5999999046325684	0.9879735590689371	0.999999999999996	scripts/profile_drift_vectors.py	drift-vector-profile/provisional-model-only
cifar100	tinyvit	V4	V4_hybrid_standard_noise_hat	/home/qiaosir/projects/compute_vit/checkpoints/_ensemble/cifar100_seed123/V4_hybrid_standard_noise_hat_best.pt	stages.2.blocks.5.attn.proj	32	AnalogLinear	0.0	0.14	0.61	0.6	False	1.0	0.036589693278074265	1.2359298467636108	0.0	0.0	0.0	0.0	0.0	0.0	0.0	0.0	nan	nan	scripts/profile_drift_vectors.py	drift-vector-profile/provisional-model-only
cifar100	tinyvit	V4	V4_hybrid_standard_noise_hat	/home/qiaosir/projects/compute_vit/checkpoints/_ensemble/cifar100_seed123/V4_hybrid_standard_noise_hat_best.pt	stages.2.blocks.5.attn.proj	32	AnalogLinear	1000.0	0.14	0.61	0.6	False	0.6000000238418579	0.036589693278074265	1.2359298467636108	-0.6451374888420105	119.12539672851562	-0.6492342948913574	120.04865264892578	0.004096874501556158	0.6338552832603455	101.41895294189453	3.5999999046325684	0.9842213933823515	0.9999999999999989	scripts/profile_drift_vectors.py	drift-vector-profile/provisional-model-only
cifar100	tinyvit	V4	V4_hybrid_standard_noise_hat	/home/qiaosir/projects/compute_vit/checkpoints/_ensemble/cifar100_seed123/V4_hybrid_standard_noise_hat_best.pt	stages.2.blocks.5.attn.proj	32	AnalogLinear	10000.0	0.14	0.61	0.6	False	0.6000000238418579	0.036589693278074265	1.2359298467636108	-0.6451374888420105	119.12539672851562	-0.6492342948913574	120.04865264892578	0.004096874501556158	0.6338552832603455	101.41895294189453	3.5999999046325684	0.9842213933823515	0.9999999999999989	scripts/profile_drift_vectors.py	drift-vector-profile/provisional-model-only
cifar100	tinyvit	V4	V4_hybrid_standard_noise_hat	/home/qiaosir/projects/compute_vit/checkpoints/_ensemble/cifar100_seed123/V4_hybrid_standard_noise_hat_best.pt	stages.2.blocks.5.attn.proj	32	AnalogLinear	86400.0	0.14	0.61	0.6	False	0.6000000238418579	0.036589693278074265	1.2359298467636108	-0.6451374888420105	119.12539672851562	-0.6492342948913574	120.04865264892578	0.004096874501556158	0.6338552832603455	101.41895294189453	3.5999999046325684	0.9842213933823515	0.9999999999999989	scripts/profile_drift_vectors.py	drift-vector-profile/provisional-model-only
cifar100	tinyvit	V4	V4_hybrid_standard_noise_hat	/home/qiaosir/projects/compute_vit/checkpoints/_ensemble/cifar100_seed123/V4_hybrid_standard_noise_hat_best.pt	stages.2.blocks.5.mlp.fc1	33	AnalogLinear	0.0	0.14	0.61	0.6	False	1.0	0.04271841421723366	1.6045547723770142	0.0	0.0	0.0	0.0	0.0	0.0	0.0	0.0	nan	nan	scripts/profile_drift_vectors.py	drift-vector-profile/provisional-model-only
cifar100	tinyvit	V4	V4_hybrid_standard_noise_hat	/home/qiaosir/projects/compute_vit/checkpoints/_ensemble/cifar100_seed123/V4_hybrid_standard_noise_hat_best.pt	stages.2.blocks.5.mlp.fc1	33	AnalogLinear	1000.0	0.14	0.61	0.6	False	0.6000000238418579	0.04271841421723366	1.6045547723770142	-0.7214639186859131	277.1728515625	-0.7203576564788818	276.5777282714844	-0.0011062490520998836	0.8147436380386353	260.71820068359375	3.5999999046325684	0.9902557163782291	0.999999999999997	scripts/profile_drift_vectors.py	drift-vector-profile/provisional-model-only
cifar100	tinyvit	V4	V4_hybrid_standard_noise_hat	/home/qiaosir/projects/compute_vit/checkpoints/_ensemble/cifar100_seed123/V4_hybrid_standard_noise_hat_best.pt	stages.2.blocks.5.mlp.fc1	33	AnalogLinear	10000.0	0.14	0.61	0.6	False	0.6000000238418579	0.04271841421723366	1.6045547723770142	-0.7214639186859131	277.1728515625	-0.7203576564788818	276.5777282714844	-0.0011062490520998836	0.8147436380386353	260.71820068359375	3.5999999046325684	0.9902557163782291	0.999999999999997	scripts/profile_drift_vectors.py	drift-vector-profile/provisional-model-only
cifar100	tinyvit	V4	V4_hybrid_standard_noise_hat	/home/qiaosir/projects/compute_vit/checkpoints/_ensemble/cifar100_seed123/V4_hybrid_standard_noise_hat_best.pt	stages.2.blocks.5.mlp.fc1	33	AnalogLinear	86400.0	0.14	0.61	0.6	False	0.6000000238418579	0.04271841421723366	1.6045547723770142	-0.7214639186859131	277.1728515625	-0.7203576564788818	276.5777282714844	-0.0011062490520998836	0.8147436380386353	260.71820068359375	3.5999999046325684	0.9902557163782291	0.999999999999997	scripts/profile_drift_vectors.py	drift-vector-profile/provisional-model-only
cifar100	tinyvit	V4	V4_hybrid_standard_noise_hat	/home/qiaosir/projects/compute_vit/checkpoints/_ensemble/cifar100_seed123/V4_hybrid_standard_noise_hat_best.pt	stages.2.blocks.5.mlp.fc2	34	AnalogLinear	0.0	0.14	0.61	0.6	False	1.0	0.03797924891114235	1.4219415187835693	0.0	0.0	0.0	0.0	0.0	0.0	0.0	0.0	nan	nan	scripts/profile_drift_vectors.py	drift-vector-profile/provisional-model-only
cifar100	tinyvit	V4	V4_hybrid_standard_noise_hat	/home/qiaosir/projects/compute_vit/checkpoints/_ensemble/cifar100_seed123/V4_hybrid_standard_noise_hat_best.pt	stages.2.blocks.5.mlp.fc2	34	AnalogLinear	1000.0	0.14	0.61	0.6	False	0.6000000238418579	0.03797924891114235	1.4219415187835693	-0.6836264729499817	257.15887451171875	-0.6851499080657959	257.7319641113281	0.0015234368620440364	0.7207448482513428	230.63888549804688	3.5999999046325684	0.9875486384082974	0.9999999999999963	scripts/profile_drift_vectors.py	drift-vector-profile/provisional-model-only
cifar100	tinyvit	V4	V4_hybrid_standard_noise_hat	/home/qiaosir/projects/compute_vit/checkpoints/_ensemble/cifar100_seed123/V4_hybrid_standard_noise_hat_best.pt	stages.2.blocks.5.mlp.fc2	34	AnalogLinear	10000.0	0.14	0.61	0.6	False	0.6000000238418579	0.03797924891114235	1.4219415187835693	-0.6836264729499817	257.15887451171875	-0.6851499080657959	257.7319641113281	0.0015234368620440364	0.7207448482513428	230.63888549804688	3.5999999046325684	0.9875486384082974	0.9999999999999963	scripts/profile_drift_vectors.py	drift-vector-profile/provisional-model-only
cifar100	tinyvit	V4	V4_hybrid_standard_noise_hat	/home/qiaosir/projects/compute_vit/checkpoints/_ensemble/cifar100_seed123/V4_hybrid_standard_noise_hat_best.pt	stages.2.blocks.5.mlp.fc2	34	AnalogLinear	86400.0	0.14	0.61	0.6	False	0.6000000238418579	0.03797924891114235	1.4219415187835693	-0.6836264729499817	257.15887451171875	-0.6851499080657959	257.7319641113281	0.0015234368620440364	0.7207448482513428	230.63888549804688	3.5999999046325684	0.9875486384082974	0.9999999999999963	scripts/profile_drift_vectors.py	drift-vector-profile/provisional-model-only
cifar100	tinyvit	V4	V4_hybrid_standard_noise_hat	/home/qiaosir/projects/compute_vit/checkpoints/_ensemble/cifar100_seed123/V4_hybrid_standard_noise_hat_best.pt	stages.3.blocks.0.attn.qkv	35	AnalogLinear	0.0	0.14	0.61	0.6	False	1.0	0.039560336619615555	1.4781954288482666	0.0	0.0	0.0	0.0	0.0	0.0	0.0	0.0	nan	nan	scripts/profile_drift_vectors.py	drift-vector-profile/provisional-model-only
cifar100	tinyvit	V4	V4_hybrid_standard_noise_hat	/home/qiaosir/projects/compute_vit/checkpoints/_ensemble/cifar100_seed123/V4_hybrid_standard_noise_hat_best.pt	stages.3.blocks.0.attn.qkv	35	AnalogLinear	1000.0	0.14	0.61	0.6	False	0.6000000238418579	0.039560336619615555	1.4781954288482666	-0.6955344080924988	457.5331726074219	-0.69574373960495	457.90484619140625	0.0002093750226777047	0.755614697933197	418.8041687011719	3.5999999046325684	0.9889754993596158	0.9999999999999957	scripts/profile_drift_vectors.py	drift-vector-profile/provisional-model-only
cifar100	tinyvit	V4	V4_hybrid_standard_noise_hat	/home/qiaosir/projects/compute_vit/checkpoints/_ensemble/cifar100_seed123/V4_hybrid_standard_noise_hat_best.pt	stages.3.blocks.0.attn.qkv	35	AnalogLinear	10000.0	0.14	0.61	0.6	False	0.6000000238418579	0.039560336619615555	1.4781954288482666	-0.6955344080924988	457.5331726074219	-0.69574373960495	457.90484619140625	0.0002093750226777047	0.755614697933197	418.8041687011719	3.5999999046325684	0.9889754993596158	0.9999999999999957	scripts/profile_drift_vectors.py	drift-vector-profile/provisional-model-only
cifar100	tinyvit	V4	V4_hybrid_standard_noise_hat	/home/qiaosir/projects/compute_vit/checkpoints/_ensemble/cifar100_seed123/V4_hybrid_standard_noise_hat_best.pt	stages.3.blocks.0.attn.qkv	35	AnalogLinear	86400.0	0.14	0.61	0.6	False	0.6000000238418579	0.039560336619615555	1.4781954288482666	-0.6955344080924988	457.5331726074219	-0.69574373960495	457.90484619140625	0.0002093750226777047	0.755614697933197	418.8041687011719	3.5999999046325684	0.9889754993596158	0.9999999999999957	scripts/profile_drift_vectors.py	drift-vector-profile/provisional-model-only
cifar100	tinyvit	V4	V4_hybrid_standard_noise_hat	/home/qiaosir/projects/compute_vit/checkpoints/_ensemble/cifar100_seed123/V4_hybrid_standard_noise_hat_best.pt	stages.3.blocks.0.attn.proj	36	AnalogLinear	0.0	0.14	0.61	0.6	False	1.0	0.03512668237090111	1.4863067865371704	0.0	0.0	0.0	0.0	0.0	0.0	0.0	0.0	nan	nan	scripts/profile_drift_vectors.py	drift-vector-profile/provisional-model-only
cifar100	tinyvit	V4	V4_hybrid_standard_noise_hat	/home/qiaosir/projects/compute_vit/checkpoints/_ensemble/cifar100_seed123/V4_hybrid_standard_noise_hat_best.pt	stages.3.blocks.0.attn.proj	36	AnalogLinear	1000.0	0.14	0.61	0.6	False	0.6000000238418579	0.03512668237090111	1.4863067865371704	-0.6964771747589111	263.9609375	-0.6980451941490173	264.7080078125	0.0015679686330258846	0.7543764114379883	241.40098571777344	3.5999999046325684	0.9885585702541473	0.9999999999999942	scripts/profile_drift_vectors.py	drift-vector-profile/provisional-model-only
cifar100	tinyvit	V4	V4_hybrid_standard_noise_hat	/home/qiaosir/projects/compute_vit/checkpoints/_ensemble/cifar100_seed123/V4_hybrid_standard_noise_hat_best.pt	stages.3.blocks.0.attn.proj	36	AnalogLinear	10000.0	0.14	0.61	0.6	False	0.6000000238418579	0.03512668237090111	1.4863067865371704	-0.6964771747589111	263.9609375	-0.6980451941490173	264.7080078125	0.0015679686330258846	0.7543764114379883	241.40098571777344	3.5999999046325684	0.9885585702541473	0.9999999999999942	scripts/profile_drift_vectors.py	drift-vector-profile/provisional-model-only
cifar100	tinyvit	V4	V4_hybrid_standard_noise_hat	/home/qiaosir/projects/compute_vit/checkpoints/_ensemble/cifar100_seed123/V4_hybrid_standard_noise_hat_best.pt	stages.3.blocks.0.attn.proj	36	AnalogLinear	86400.0	0.14	0.61	0.6	False	0.6000000238418579	0.03512668237090111	1.4863067865371704	-0.6964771747589111	263.9609375	-0.6980451941490173	264.7080078125	0.0015679686330258846	0.7543764114379883	241.40098571777344	3.5999999046325684	0.9885585702541473	0.9999999999999942	scripts/profile_drift_vectors.py	drift-vector-profile/provisional-model-only
cifar100	tinyvit	V4	V4_hybrid_standard_noise_hat	/home/qiaosir/projects/compute_vit/checkpoints/_ensemble/cifar100_seed123/V4_hybrid_standard_noise_hat_best.pt	stages.3.blocks.0.mlp.fc1	37	AnalogLinear	0.0	0.14	0.61	0.6	False	1.0	0.04927734285593033	1.2710362672805786	0.0	0.0	0.0	0.0	0.0	0.0	0.0	0.0	nan	nan	scripts/profile_drift_vectors.py	drift-vector-profile/provisional-model-only
cifar100	tinyvit	V4	V4_hybrid_standard_noise_hat	/home/qiaosir/projects/compute_vit/checkpoints/_ensemble/cifar100_seed123/V4_hybrid_standard_noise_hat_best.pt	stages.3.blocks.0.mlp.fc1	37	AnalogLinear	1000.0	0.14	0.61	0.6	False	0.6000000238418579	0.04927734285593033	1.2710362672805786	-0.6505023241043091	481.2906494140625	-0.6579121351242065	487.445556640625	0.007409765385091305	0.6471695899963379	414.2156677246094	3.5999999046325684	0.9844605550450021	0.9999999999999976	scripts/profile_drift_vectors.py	drift-vector-profile/provisional-model-only
cifar100	tinyvit	V4	V4_hybrid_standard_noise_hat	/home/qiaosir/projects/compute_vit/checkpoints/_ensemble/cifar100_seed123/V4_hybrid_standard_noise_hat_best.pt	stages.3.blocks.0.mlp.fc1	37	AnalogLinear	10000.0	0.14	0.61	0.6	False	0.6000000238418579	0.04927734285593033	1.2710362672805786	-0.6505023241043091	481.2906494140625	-0.6579121351242065	487.445556640625	0.007409765385091305	0.6471695899963379	414.2156677246094	3.5999999046325684	0.9844605550450021	0.9999999999999976	scripts/profile_drift_vectors.py	drift-vector-profile/provisional-model-only
cifar100	tinyvit	V4	V4_hybrid_standard_noise_hat	/home/qiaosir/projects/compute_vit/checkpoints/_ensemble/cifar100_seed123/V4_hybrid_standard_noise_hat_best.pt	stages.3.blocks.0.mlp.fc1	37	AnalogLinear	86400.0	0.14	0.61	0.6	False	0.6000000238418579	0.04927734285593033	1.2710362672805786	-0.6505023241043091	481.2906494140625	-0.6579121351242065	487.445556640625	0.007409765385091305	0.6471695899963379	414.2156677246094	3.5999999046325684	0.9844605550450021	0.9999999999999976	scripts/profile_drift_vectors.py	drift-vector-profile/provisional-model-only
cifar100	tinyvit	V4	V4_hybrid_standard_noise_hat	/home/qiaosir/projects/compute_vit/checkpoints/_ensemble/cifar100_seed123/V4_hybrid_standard_noise_hat_best.pt	stages.3.blocks.0.mlp.fc2	38	AnalogLinear	0.0	0.14	0.61	0.6	False	1.0	0.04449329525232315	1.4647469520568848	0.0	0.0	0.0	0.0	0.0	0.0	0.0	0.0	nan	nan	scripts/profile_drift_vectors.py	drift-vector-profile/provisional-model-only
cifar100	tinyvit	V4	V4_hybrid_standard_noise_hat	/home/qiaosir/projects/compute_vit/checkpoints/_ensemble/cifar100_seed123/V4_hybrid_standard_noise_hat_best.pt	stages.3.blocks.0.mlp.fc2	38	AnalogLinear	1000.0	0.14	0.61	0.6	False	0.6000000238418579	0.04449329525232315	1.4647469520568848	-0.6941635012626648	524.767333984375	-0.6917353868484497	522.4408569335938	-0.0024281248915940523	0.7415925860404968	474.621826171875	3.5999999046325684	0.98806913338475	0.9999999999999961	scripts/profile_drift_vectors.py	drift-vector-profile/provisional-model-only
cifar100	tinyvit	V4	V4_hybrid_standard_noise_hat	/home/qiaosir/projects/compute_vit/checkpoints/_ensemble/cifar100_seed123/V4_hybrid_standard_noise_hat_best.pt	stages.3.blocks.0.mlp.fc2	38	AnalogLinear	10000.0	0.14	0.61	0.6	False	0.6000000238418579	0.04449329525232315	1.4647469520568848	-0.6941635012626648	524.767333984375	-0.6917353868484497	522.4408569335938	-0.0024281248915940523	0.7415925860404968	474.621826171875	3.5999999046325684	0.98806913338475	0.9999999999999961	scripts/profile_drift_vectors.py	drift-vector-profile/provisional-model-only
cifar100	tinyvit	V4	V4_hybrid_standard_noise_hat	/home/qiaosir/projects/compute_vit/checkpoints/_ensemble/cifar100_seed123/V4_hybrid_standard_noise_hat_best.pt	stages.3.blocks.0.mlp.fc2	38	AnalogLinear	86400.0	0.14	0.61	0.6	False	0.6000000238418579	0.04449329525232315	1.4647469520568848	-0.6941635012626648	524.767333984375	-0.6917353868484497	522.4408569335938	-0.0024281248915940523	0.7415925860404968	474.621826171875	3.5999999046325684	0.98806913338475	0.9999999999999961	scripts/profile_drift_vectors.py	drift-vector-profile/provisional-model-only
cifar100	tinyvit	V4	V4_hybrid_standard_noise_hat	/home/qiaosir/projects/compute_vit/checkpoints/_ensemble/cifar100_seed123/V4_hybrid_standard_noise_hat_best.pt	stages.3.blocks.1.attn.qkv	39	AnalogLinear	0.0	0.14	0.61	0.6	False	1.0	0.04454716295003891	1.3762285709381104	0.0	0.0	0.0	0.0	0.0	0.0	0.0	0.0	nan	nan	scripts/profile_drift_vectors.py	drift-vector-profile/provisional-model-only
cifar100	tinyvit	V4	V4_hybrid_standard_noise_hat	/home/qiaosir/projects/compute_vit/checkpoints/_ensemble/cifar100_seed123/V4_hybrid_standard_noise_hat_best.pt	stages.3.blocks.1.attn.qkv	39	AnalogLinear	1000.0	0.14	0.61	0.6	False	0.6000000238418579	0.04454716295003891	1.3762285709381104	-0.6753577589988708	438.54949951171875	-0.6751335859298706	438.33050537109375	-0.0002242187038064003	0.7007867097854614	388.4154357910156	3.5999999046325684	0.9868955853166711	0.9999999999999963	scripts/profile_drift_vectors.py	drift-vector-profile/provisional-model-only
cifar100	tinyvit	V4	V4_hybrid_standard_noise_hat	/home/qiaosir/projects/compute_vit/checkpoints/_ensemble/cifar100_seed123/V4_hybrid_standard_noise_hat_best.pt	stages.3.blocks.1.attn.qkv	39	AnalogLinear	10000.0	0.14	0.61	0.6	False	0.6000000238418579	0.04454716295003891	1.3762285709381104	-0.6753577589988708	438.54949951171875	-0.6751335859298706	438.33050537109375	-0.0002242187038064003	0.7007867097854614	388.4154357910156	3.5999999046325684	0.9868955853166711	0.9999999999999963	scripts/profile_drift_vectors.py	drift-vector-profile/provisional-model-only
cifar100	tinyvit	V4	V4_hybrid_standard_noise_hat	/home/qiaosir/projects/compute_vit/checkpoints/_ensemble/cifar100_seed123/V4_hybrid_standard_noise_hat_best.pt	stages.3.blocks.1.attn.qkv	39	AnalogLinear	86400.0	0.14	0.61	0.6	False	0.6000000238418579	0.04454716295003891	1.3762285709381104	-0.6753577589988708	438.54949951171875	-0.6751335859298706	438.33050537109375	-0.0002242187038064003	0.7007867097854614	388.4154357910156	3.5999999046325684	0.9868955853166711	0.9999999999999963	scripts/profile_drift_vectors.py	drift-vector-profile/provisional-model-only
cifar100	tinyvit	V4	V4_hybrid_standard_noise_hat	/home/qiaosir/projects/compute_vit/checkpoints/_ensemble/cifar100_seed123/V4_hybrid_standard_noise_hat_best.pt	stages.3.blocks.1.attn.proj	40	AnalogLinear	0.0	0.14	0.61	0.6	False	1.0	0.040084850043058395	1.2351152896881104	0.0	0.0	0.0	0.0	0.0	0.0	0.0	0.0	nan	nan	scripts/profile_drift_vectors.py	drift-vector-profile/provisional-model-only
cifar100	tinyvit	V4	V4_hybrid_standard_noise_hat	/home/qiaosir/projects/compute_vit/checkpoints/_ensemble/cifar100_seed123/V4_hybrid_standard_noise_hat_best.pt	stages.3.blocks.1.attn.proj	40	AnalogLinear	1000.0	0.14	0.61	0.6	False	0.6000000238418579	0.040084850043058395	1.2351152896881104	-0.6468294858932495	238.21337890625	-0.6472162008285522	238.54067993164062	0.0003867189516313374	0.6281717419624329	201.0150146484375	3.5999999046325684	0.983226978169675	0.9999999999999961	scripts/profile_drift_vectors.py	drift-vector-profile/provisional-model-only
cifar100	tinyvit	V4	V4_hybrid_standard_noise_hat	/home/qiaosir/projects/compute_vit/checkpoints/_ensemble/cifar100_seed123/V4_hybrid_standard_noise_hat_best.pt	stages.3.blocks.1.attn.proj	40	AnalogLinear	10000.0	0.14	0.61	0.6	False	0.6000000238418579	0.040084850043058395	1.2351152896881104	-0.6468294858932495	238.21337890625	-0.6472162008285522	238.54067993164062	0.0003867189516313374	0.6281717419624329	201.0150146484375	3.5999999046325684	0.983226978169675	0.9999999999999961	scripts/profile_drift_vectors.py	drift-vector-profile/provisional-model-only
cifar100	tinyvit	V4	V4_hybrid_standard_noise_hat	/home/qiaosir/projects/compute_vit/checkpoints/_ensemble/cifar100_seed123/V4_hybrid_standard_noise_hat_best.pt	stages.3.blocks.1.attn.proj	40	AnalogLinear	86400.0	0.14	0.61	0.6	False	0.6000000238418579	0.040084850043058395	1.2351152896881104	-0.6468294858932495	238.21337890625	-0.6472162008285522	238.54067993164062	0.0003867189516313374	0.6281717419624329	201.0150146484375	3.5999999046325684	0.983226978169675	0.9999999999999961	scripts/profile_drift_vectors.py	drift-vector-profile/provisional-model-only
cifar100	tinyvit	V4	V4_hybrid_standard_noise_hat	/home/qiaosir/projects/compute_vit/checkpoints/_ensemble/cifar100_seed123/V4_hybrid_standard_noise_hat_best.pt	stages.3.blocks.1.mlp.fc1	41	AnalogLinear	0.0	0.14	0.61	0.6	False	1.0	0.05292553827166557	1.2845830917358398	0.0	0.0	0.0	0.0	0.0	0.0	0.0	0.0	nan	nan	scripts/profile_drift_vectors.py	drift-vector-profile/provisional-model-only
cifar100	tinyvit	V4	V4_hybrid_standard_noise_hat	/home/qiaosir/projects/compute_vit/checkpoints/_ensemble/cifar100_seed123/V4_hybrid_standard_noise_hat_best.pt	stages.3.blocks.1.mlp.fc1	41	AnalogLinear	1000.0	0.14	0.61	0.6	False	0.6000000238418579	0.05292553827166557	1.2845830917358398	-0.6610339283943176	490.1293029785156	-0.6527991890907288	483.803466796875	-0.008234765380620956	0.6533042192459106	418.1479187011719	3.5999999046325684	0.9846185152620781	0.9999999999999971	scripts/profile_drift_vectors.py	drift-vector-profile/provisional-model-only
cifar100	tinyvit	V4	V4_hybrid_standard_noise_hat	/home/qiaosir/projects/compute_vit/checkpoints/_ensemble/cifar100_seed123/V4_hybrid_standard_noise_hat_best.pt	stages.3.blocks.1.mlp.fc1	41	AnalogLinear	10000.0	0.14	0.61	0.6	False	0.6000000238418579	0.05292553827166557	1.2845830917358398	-0.6610339283943176	490.1293029785156	-0.6527991890907288	483.803466796875	-0.008234765380620956	0.6533042192459106	418.1479187011719	3.5999999046325684	0.9846185152620781	0.9999999999999971	scripts/profile_drift_vectors.py	drift-vector-profile/provisional-model-only
cifar100	tinyvit	V4	V4_hybrid_standard_noise_hat	/home/qiaosir/projects/compute_vit/checkpoints/_ensemble/cifar100_seed123/V4_hybrid_standard_noise_hat_best.pt	stages.3.blocks.1.mlp.fc1	41	AnalogLinear	86400.0	0.14	0.61	0.6	False	0.6000000238418579	0.05292553827166557	1.2845830917358398	-0.6610339283943176	490.1293029785156	-0.6527991890907288	483.803466796875	-0.008234765380620956	0.6533042192459106	418.1479187011719	3.5999999046325684	0.9846185152620781	0.9999999999999971	scripts/profile_drift_vectors.py	drift-vector-profile/provisional-model-only
cifar100	tinyvit	V4	V4_hybrid_standard_noise_hat	/home/qiaosir/projects/compute_vit/checkpoints/_ensemble/cifar100_seed123/V4_hybrid_standard_noise_hat_best.pt	stages.3.blocks.1.mlp.fc2	42	AnalogLinear	0.0	0.14	0.61	0.6	False	1.0	0.040508780628442764	1.328806757926941	0.0	0.0	0.0	0.0	0.0	0.0	0.0	0.0	nan	nan	scripts/profile_drift_vectors.py	drift-vector-profile/provisional-model-only
cifar100	tinyvit	V4	V4_hybrid_standard_noise_hat	/home/qiaosir/projects/compute_vit/checkpoints/_ensemble/cifar100_seed123/V4_hybrid_standard_noise_hat_best.pt	stages.3.blocks.1.mlp.fc2	42	AnalogLinear	1000.0	0.14	0.61	0.6	False	0.6000000238418579	0.040508780628442764	1.328806757926941	-0.6654946804046631	495.1648864746094	-0.666027843952179	495.7111511230469	0.0005332032451406121	0.673284113407135	430.9019470214844	3.5999999046325684	0.9855682760390518	0.9999999999999963	scripts/profile_drift_vectors.py	drift-vector-profile/provisional-model-only
cifar100	tinyvit	V4	V4_hybrid_standard_noise_hat	/home/qiaosir/projects/compute_vit/checkpoints/_ensemble/cifar100_seed123/V4_hybrid_standard_noise_hat_best.pt	stages.3.blocks.1.mlp.fc2	42	AnalogLinear	10000.0	0.14	0.61	0.6	False	0.6000000238418579	0.040508780628442764	1.328806757926941	-0.6654946804046631	495.1648864746094	-0.666027843952179	495.7111511230469	0.0005332032451406121	0.673284113407135	430.9019470214844	3.5999999046325684	0.9855682760390518	0.9999999999999963	scripts/profile_drift_vectors.py	drift-vector-profile/provisional-model-only
cifar100	tinyvit	V4	V4_hybrid_standard_noise_hat	/home/qiaosir/projects/compute_vit/checkpoints/_ensemble/cifar100_seed123/V4_hybrid_standard_noise_hat_best.pt	stages.3.blocks.1.mlp.fc2	42	AnalogLinear	86400.0	0.14	0.61	0.6	False	0.6000000238418579	0.040508780628442764	1.328806757926941	-0.6654946804046631	495.1648864746094	-0.666027843952179	495.7111511230469	0.0005332032451406121	0.673284113407135	430.9019470214844	3.5999999046325684	0.9855682760390518	0.9999999999999963	scripts/profile_drift_vectors.py	drift-vector-profile/provisional-model-only
