layer_id	module_path	role	stage	layer_type	diff_pair_arrays_128	parameter_count	perturbation_type	sigma_d2d	sigma_c2c	seed	metric_baseline	metric_perturbed	delta	baseline_loss	perturbed_loss	loss_delta	rank	subset_size	dataset	checkpoint_path	evidence_grade
0	patch_embed.conv1.conv	patch_embed_conv	patch_embed	AnalogConv2d	2	864	single_layer_d2d_resample_checkpoint_baseline_full42	0.1	0.05	20260510	93.75	92.7734375	0.9765625	0.33898304402828217	0.41369783878326416	0.074714794754982	20	512	cifar10	/home/qiaosir/projects/compute_vit/checkpoints/V4_hybrid_standard_noise_hat_best.pt	pilot/provisional
0	patch_embed.conv1.conv	patch_embed_conv	patch_embed	AnalogConv2d	2	864	single_layer_d2d_resample_checkpoint_baseline_full42	0.1	0.05	20260511	92.7734375	91.6015625	1.171875	0.36475880444049835	0.4633849114179611	0.09862610697746277	20	512	cifar10	/home/qiaosir/projects/compute_vit/checkpoints/V4_hybrid_standard_noise_hat_best.pt	pilot/provisional
0	patch_embed.conv1.conv	patch_embed_conv	patch_embed	AnalogConv2d	2	864	single_layer_d2d_resample_checkpoint_baseline_full42	0.1	0.05	20260512	91.2109375	91.796875	-0.5859375	0.47226928174495697	0.5086999237537384	0.03643064200878143	20	512	cifar10	/home/qiaosir/projects/compute_vit/checkpoints/V4_hybrid_standard_noise_hat_best.pt	pilot/provisional
1	patch_embed.conv2.conv	patch_embed_conv	patch_embed	AnalogConv2d	6	18432	single_layer_d2d_resample_checkpoint_baseline_full42	0.1	0.05	20260510	93.75	93.5546875	0.1953125	0.33898304402828217	0.3699134439229965	0.030930399894714355	17	512	cifar10	/home/qiaosir/projects/compute_vit/checkpoints/V4_hybrid_standard_noise_hat_best.pt	pilot/provisional
1	patch_embed.conv2.conv	patch_embed_conv	patch_embed	AnalogConv2d	6	18432	single_layer_d2d_resample_checkpoint_baseline_full42	0.1	0.05	20260511	92.7734375	91.6015625	1.171875	0.36475880444049835	0.4118315577507019	0.04707275331020355	17	512	cifar10	/home/qiaosir/projects/compute_vit/checkpoints/V4_hybrid_standard_noise_hat_best.pt	pilot/provisional
1	patch_embed.conv2.conv	patch_embed_conv	patch_embed	AnalogConv2d	6	18432	single_layer_d2d_resample_checkpoint_baseline_full42	0.1	0.05	20260512	91.2109375	90.8203125	0.390625	0.47226928174495697	0.48818641901016235	0.015917137265205383	17	512	cifar10	/home/qiaosir/projects/compute_vit/checkpoints/V4_hybrid_standard_noise_hat_best.pt	pilot/provisional
2	stages.1.blocks.0.attn.qkv	attention_qkv	stage_1	AnalogLinear	6	49536	single_layer_d2d_resample_checkpoint_baseline_full42	0.1	0.05	20260510	93.75	93.359375	0.390625	0.33898304402828217	0.34095093607902527	0.001967892050743103	38	512	cifar10	/home/qiaosir/projects/compute_vit/checkpoints/V4_hybrid_standard_noise_hat_best.pt	pilot/provisional
2	stages.1.blocks.0.attn.qkv	attention_qkv	stage_1	AnalogLinear	6	49536	single_layer_d2d_resample_checkpoint_baseline_full42	0.1	0.05	20260511	92.7734375	92.578125	0.1953125	0.36475880444049835	0.36983896791934967	0.005080163478851318	38	512	cifar10	/home/qiaosir/projects/compute_vit/checkpoints/V4_hybrid_standard_noise_hat_best.pt	pilot/provisional
2	stages.1.blocks.0.attn.qkv	attention_qkv	stage_1	AnalogLinear	6	49536	single_layer_d2d_resample_checkpoint_baseline_full42	0.1	0.05	20260512	91.2109375	91.796875	-0.5859375	0.47226928174495697	0.46539078652858734	-0.006878495216369629	38	512	cifar10	/home/qiaosir/projects/compute_vit/checkpoints/V4_hybrid_standard_noise_hat_best.pt	pilot/provisional
3	stages.1.blocks.0.attn.proj	attention_proj	stage_1	AnalogLinear	2	16512	single_layer_d2d_resample_checkpoint_baseline_full42	0.1	0.05	20260510	93.75	93.75	0.0	0.33898304402828217	0.34948813915252686	0.01050509512424469	42	512	cifar10	/home/qiaosir/projects/compute_vit/checkpoints/V4_hybrid_standard_noise_hat_best.pt	pilot/provisional
3	stages.1.blocks.0.attn.proj	attention_proj	stage_1	AnalogLinear	2	16512	single_layer_d2d_resample_checkpoint_baseline_full42	0.1	0.05	20260511	92.7734375	93.5546875	-0.78125	0.36475880444049835	0.3482567369937897	-0.01650206744670868	42	512	cifar10	/home/qiaosir/projects/compute_vit/checkpoints/V4_hybrid_standard_noise_hat_best.pt	pilot/provisional
3	stages.1.blocks.0.attn.proj	attention_proj	stage_1	AnalogLinear	2	16512	single_layer_d2d_resample_checkpoint_baseline_full42	0.1	0.05	20260512	91.2109375	91.6015625	-0.390625	0.47226928174495697	0.47847457230091095	0.0062052905559539795	42	512	cifar10	/home/qiaosir/projects/compute_vit/checkpoints/V4_hybrid_standard_noise_hat_best.pt	pilot/provisional
4	stages.1.blocks.0.mlp.fc1	mlp_fc1	stage_1	AnalogLinear	8	66048	single_layer_d2d_resample_checkpoint_baseline_full42	0.1	0.05	20260510	93.75	92.3828125	1.3671875	0.33898304402828217	0.4061688482761383	0.06718580424785614	8	512	cifar10	/home/qiaosir/projects/compute_vit/checkpoints/V4_hybrid_standard_noise_hat_best.pt	pilot/provisional
4	stages.1.blocks.0.mlp.fc1	mlp_fc1	stage_1	AnalogLinear	8	66048	single_layer_d2d_resample_checkpoint_baseline_full42	0.1	0.05	20260511	92.7734375	91.015625	1.7578125	0.36475880444049835	0.5130031555891037	0.14824435114860535	8	512	cifar10	/home/qiaosir/projects/compute_vit/checkpoints/V4_hybrid_standard_noise_hat_best.pt	pilot/provisional
4	stages.1.blocks.0.mlp.fc1	mlp_fc1	stage_1	AnalogLinear	8	66048	single_layer_d2d_resample_checkpoint_baseline_full42	0.1	0.05	20260512	91.2109375	89.84375	1.3671875	0.47226928174495697	0.513557106256485	0.041287824511528015	8	512	cifar10	/home/qiaosir/projects/compute_vit/checkpoints/V4_hybrid_standard_noise_hat_best.pt	pilot/provisional
5	stages.1.blocks.0.mlp.fc2	mlp_fc2	stage_1	AnalogLinear	8	65664	single_layer_d2d_resample_checkpoint_baseline_full42	0.1	0.05	20260510	93.75	93.9453125	-0.1953125	0.33898304402828217	0.34046781063079834	0.0014847666025161743	34	512	cifar10	/home/qiaosir/projects/compute_vit/checkpoints/V4_hybrid_standard_noise_hat_best.pt	pilot/provisional
5	stages.1.blocks.0.mlp.fc2	mlp_fc2	stage_1	AnalogLinear	8	65664	single_layer_d2d_resample_checkpoint_baseline_full42	0.1	0.05	20260511	92.7734375	92.3828125	0.390625	0.36475880444049835	0.4097108095884323	0.04495200514793396	34	512	cifar10	/home/qiaosir/projects/compute_vit/checkpoints/V4_hybrid_standard_noise_hat_best.pt	pilot/provisional
5	stages.1.blocks.0.mlp.fc2	mlp_fc2	stage_1	AnalogLinear	8	65664	single_layer_d2d_resample_checkpoint_baseline_full42	0.1	0.05	20260512	91.2109375	91.2109375	0.0	0.47226928174495697	0.5075345039367676	0.03526522219181061	34	512	cifar10	/home/qiaosir/projects/compute_vit/checkpoints/V4_hybrid_standard_noise_hat_best.pt	pilot/provisional
6	stages.1.blocks.1.attn.qkv	attention_qkv	stage_1	AnalogLinear	6	49536	single_layer_d2d_resample_checkpoint_baseline_full42	0.1	0.05	20260510	93.75	93.5546875	0.1953125	0.33898304402828217	0.3439161777496338	0.0049331337213516235	23	512	cifar10	/home/qiaosir/projects/compute_vit/checkpoints/V4_hybrid_standard_noise_hat_best.pt	pilot/provisional
6	stages.1.blocks.1.attn.qkv	attention_qkv	stage_1	AnalogLinear	6	49536	single_layer_d2d_resample_checkpoint_baseline_full42	0.1	0.05	20260511	92.7734375	91.9921875	0.78125	0.36475880444049835	0.41297227144241333	0.04821346700191498	23	512	cifar10	/home/qiaosir/projects/compute_vit/checkpoints/V4_hybrid_standard_noise_hat_best.pt	pilot/provisional
6	stages.1.blocks.1.attn.qkv	attention_qkv	stage_1	AnalogLinear	6	49536	single_layer_d2d_resample_checkpoint_baseline_full42	0.1	0.05	20260512	91.2109375	91.015625	0.1953125	0.47226928174495697	0.5040765404701233	0.03180725872516632	23	512	cifar10	/home/qiaosir/projects/compute_vit/checkpoints/V4_hybrid_standard_noise_hat_best.pt	pilot/provisional
7	stages.1.blocks.1.attn.proj	attention_proj	stage_1	AnalogLinear	2	16512	single_layer_d2d_resample_checkpoint_baseline_full42	0.1	0.05	20260510	93.75	93.5546875	0.1953125	0.33898304402828217	0.3277350515127182	-0.011247992515563965	27	512	cifar10	/home/qiaosir/projects/compute_vit/checkpoints/V4_hybrid_standard_noise_hat_best.pt	pilot/provisional
7	stages.1.blocks.1.attn.proj	attention_proj	stage_1	AnalogLinear	2	16512	single_layer_d2d_resample_checkpoint_baseline_full42	0.1	0.05	20260511	92.7734375	91.796875	0.9765625	0.36475880444049835	0.3793922960758209	0.01463349163532257	27	512	cifar10	/home/qiaosir/projects/compute_vit/checkpoints/V4_hybrid_standard_noise_hat_best.pt	pilot/provisional
7	stages.1.blocks.1.attn.proj	attention_proj	stage_1	AnalogLinear	2	16512	single_layer_d2d_resample_checkpoint_baseline_full42	0.1	0.05	20260512	91.2109375	91.40625	-0.1953125	0.47226928174495697	0.48492978513240814	0.012660503387451172	27	512	cifar10	/home/qiaosir/projects/compute_vit/checkpoints/V4_hybrid_standard_noise_hat_best.pt	pilot/provisional
8	stages.1.blocks.1.mlp.fc1	mlp_fc1	stage_1	AnalogLinear	8	66048	single_layer_d2d_resample_checkpoint_baseline_full42	0.1	0.05	20260510	93.75	92.578125	1.171875	0.33898304402828217	0.445666179060936	0.10668313503265381	7	512	cifar10	/home/qiaosir/projects/compute_vit/checkpoints/V4_hybrid_standard_noise_hat_best.pt	pilot/provisional
8	stages.1.blocks.1.mlp.fc1	mlp_fc1	stage_1	AnalogLinear	8	66048	single_layer_d2d_resample_checkpoint_baseline_full42	0.1	0.05	20260511	92.7734375	91.015625	1.7578125	0.36475880444049835	0.4209812879562378	0.05622248351573944	7	512	cifar10	/home/qiaosir/projects/compute_vit/checkpoints/V4_hybrid_standard_noise_hat_best.pt	pilot/provisional
8	stages.1.blocks.1.mlp.fc1	mlp_fc1	stage_1	AnalogLinear	8	66048	single_layer_d2d_resample_checkpoint_baseline_full42	0.1	0.05	20260512	91.2109375	89.2578125	1.953125	0.47226928174495697	0.5499151945114136	0.0776459127664566	7	512	cifar10	/home/qiaosir/projects/compute_vit/checkpoints/V4_hybrid_standard_noise_hat_best.pt	pilot/provisional
9	stages.1.blocks.1.mlp.fc2	mlp_fc2	stage_1	AnalogLinear	8	65664	single_layer_d2d_resample_checkpoint_baseline_full42	0.1	0.05	20260510	93.75	71.6796875	22.0703125	0.33898304402828217	1.7942441701889038	1.4552611261606216	2	512	cifar10	/home/qiaosir/projects/compute_vit/checkpoints/V4_hybrid_standard_noise_hat_best.pt	pilot/provisional
9	stages.1.blocks.1.mlp.fc2	mlp_fc2	stage_1	AnalogLinear	8	65664	single_layer_d2d_resample_checkpoint_baseline_full42	0.1	0.05	20260511	92.7734375	50.5859375	42.1875	0.36475880444049835	3.603630781173706	3.2388719767332077	2	512	cifar10	/home/qiaosir/projects/compute_vit/checkpoints/V4_hybrid_standard_noise_hat_best.pt	pilot/provisional
9	stages.1.blocks.1.mlp.fc2	mlp_fc2	stage_1	AnalogLinear	8	65664	single_layer_d2d_resample_checkpoint_baseline_full42	0.1	0.05	20260512	91.2109375	76.7578125	14.453125	0.47226928174495697	1.3751198053359985	0.9028505235910416	2	512	cifar10	/home/qiaosir/projects/compute_vit/checkpoints/V4_hybrid_standard_noise_hat_best.pt	pilot/provisional
10	stages.2.blocks.0.attn.qkv	attention_qkv	stage_2	AnalogLinear	16	77280	single_layer_d2d_resample_checkpoint_baseline_full42	0.1	0.05	20260510	93.75	92.578125	1.171875	0.33898304402828217	0.41904905438423157	0.0800660103559494	14	512	cifar10	/home/qiaosir/projects/compute_vit/checkpoints/V4_hybrid_standard_noise_hat_best.pt	pilot/provisional
10	stages.2.blocks.0.attn.qkv	attention_qkv	stage_2	AnalogLinear	16	77280	single_layer_d2d_resample_checkpoint_baseline_full42	0.1	0.05	20260511	92.7734375	91.6015625	1.171875	0.36475880444049835	0.43942990899086	0.07467110455036163	14	512	cifar10	/home/qiaosir/projects/compute_vit/checkpoints/V4_hybrid_standard_noise_hat_best.pt	pilot/provisional
10	stages.2.blocks.0.attn.qkv	attention_qkv	stage_2	AnalogLinear	16	77280	single_layer_d2d_resample_checkpoint_baseline_full42	0.1	0.05	20260512	91.2109375	91.6015625	-0.390625	0.47226928174495697	0.4983861744403839	0.02611689269542694	14	512	cifar10	/home/qiaosir/projects/compute_vit/checkpoints/V4_hybrid_standard_noise_hat_best.pt	pilot/provisional
11	stages.2.blocks.0.attn.proj	attention_proj	stage_2	AnalogLinear	8	25760	single_layer_d2d_resample_checkpoint_baseline_full42	0.1	0.05	20260510	93.75	92.578125	1.171875	0.33898304402828217	0.3869572579860687	0.04797421395778656	26	512	cifar10	/home/qiaosir/projects/compute_vit/checkpoints/V4_hybrid_standard_noise_hat_best.pt	pilot/provisional
11	stages.2.blocks.0.attn.proj	attention_proj	stage_2	AnalogLinear	8	25760	single_layer_d2d_resample_checkpoint_baseline_full42	0.1	0.05	20260511	92.7734375	92.1875	0.5859375	0.36475880444049835	0.3842722624540329	0.019513458013534546	26	512	cifar10	/home/qiaosir/projects/compute_vit/checkpoints/V4_hybrid_standard_noise_hat_best.pt	pilot/provisional
11	stages.2.blocks.0.attn.proj	attention_proj	stage_2	AnalogLinear	8	25760	single_layer_d2d_resample_checkpoint_baseline_full42	0.1	0.05	20260512	91.2109375	91.9921875	-0.78125	0.47226928174495697	0.45069684088230133	-0.02157244086265564	26	512	cifar10	/home/qiaosir/projects/compute_vit/checkpoints/V4_hybrid_standard_noise_hat_best.pt	pilot/provisional
12	stages.2.blocks.0.mlp.fc1	mlp_fc1	stage_2	AnalogLinear	20	103040	single_layer_d2d_resample_checkpoint_baseline_full42	0.1	0.05	20260510	93.75	92.578125	1.171875	0.33898304402828217	0.3523533195257187	0.013370275497436523	12	512	cifar10	/home/qiaosir/projects/compute_vit/checkpoints/V4_hybrid_standard_noise_hat_best.pt	pilot/provisional
12	stages.2.blocks.0.mlp.fc1	mlp_fc1	stage_2	AnalogLinear	20	103040	single_layer_d2d_resample_checkpoint_baseline_full42	0.1	0.05	20260511	92.7734375	91.796875	0.9765625	0.36475880444049835	0.4183107167482376	0.05355191230773926	12	512	cifar10	/home/qiaosir/projects/compute_vit/checkpoints/V4_hybrid_standard_noise_hat_best.pt	pilot/provisional
12	stages.2.blocks.0.mlp.fc1	mlp_fc1	stage_2	AnalogLinear	20	103040	single_layer_d2d_resample_checkpoint_baseline_full42	0.1	0.05	20260512	91.2109375	90.234375	0.9765625	0.47226928174495697	0.5082873851060867	0.03601810336112976	12	512	cifar10	/home/qiaosir/projects/compute_vit/checkpoints/V4_hybrid_standard_noise_hat_best.pt	pilot/provisional
13	stages.2.blocks.0.mlp.fc2	mlp_fc2	stage_2	AnalogLinear	20	102560	single_layer_d2d_resample_checkpoint_baseline_full42	0.1	0.05	20260510	93.75	92.3828125	1.3671875	0.33898304402828217	0.43077898025512695	0.09179593622684479	10	512	cifar10	/home/qiaosir/projects/compute_vit/checkpoints/V4_hybrid_standard_noise_hat_best.pt	pilot/provisional
13	stages.2.blocks.0.mlp.fc2	mlp_fc2	stage_2	AnalogLinear	20	102560	single_layer_d2d_resample_checkpoint_baseline_full42	0.1	0.05	20260511	92.7734375	91.6015625	1.171875	0.36475880444049835	0.44284236431121826	0.07808355987071991	10	512	cifar10	/home/qiaosir/projects/compute_vit/checkpoints/V4_hybrid_standard_noise_hat_best.pt	pilot/provisional
13	stages.2.blocks.0.mlp.fc2	mlp_fc2	stage_2	AnalogLinear	20	102560	single_layer_d2d_resample_checkpoint_baseline_full42	0.1	0.05	20260512	91.2109375	90.625	0.5859375	0.47226928174495697	0.5099998414516449	0.03773055970668793	10	512	cifar10	/home/qiaosir/projects/compute_vit/checkpoints/V4_hybrid_standard_noise_hat_best.pt	pilot/provisional
14	stages.2.blocks.1.attn.qkv	attention_qkv	stage_2	AnalogLinear	16	77280	single_layer_d2d_resample_checkpoint_baseline_full42	0.1	0.05	20260510	93.75	92.7734375	0.9765625	0.33898304402828217	0.3805652856826782	0.04158224165439606	16	512	cifar10	/home/qiaosir/projects/compute_vit/checkpoints/V4_hybrid_standard_noise_hat_best.pt	pilot/provisional
14	stages.2.blocks.1.attn.qkv	attention_qkv	stage_2	AnalogLinear	16	77280	single_layer_d2d_resample_checkpoint_baseline_full42	0.1	0.05	20260511	92.7734375	92.1875	0.5859375	0.36475880444049835	0.4091257154941559	0.04436691105365753	16	512	cifar10	/home/qiaosir/projects/compute_vit/checkpoints/V4_hybrid_standard_noise_hat_best.pt	pilot/provisional
14	stages.2.blocks.1.attn.qkv	attention_qkv	stage_2	AnalogLinear	16	77280	single_layer_d2d_resample_checkpoint_baseline_full42	0.1	0.05	20260512	91.2109375	90.8203125	0.390625	0.47226928174495697	0.5110917240381241	0.038822442293167114	16	512	cifar10	/home/qiaosir/projects/compute_vit/checkpoints/V4_hybrid_standard_noise_hat_best.pt	pilot/provisional
15	stages.2.blocks.1.attn.proj	attention_proj	stage_2	AnalogLinear	8	25760	single_layer_d2d_resample_checkpoint_baseline_full42	0.1	0.05	20260510	93.75	93.5546875	0.1953125	0.33898304402828217	0.3348822593688965	-0.004100784659385681	41	512	cifar10	/home/qiaosir/projects/compute_vit/checkpoints/V4_hybrid_standard_noise_hat_best.pt	pilot/provisional
15	stages.2.blocks.1.attn.proj	attention_proj	stage_2	AnalogLinear	8	25760	single_layer_d2d_resample_checkpoint_baseline_full42	0.1	0.05	20260511	92.7734375	93.5546875	-0.78125	0.36475880444049835	0.35034358501434326	-0.01441521942615509	41	512	cifar10	/home/qiaosir/projects/compute_vit/checkpoints/V4_hybrid_standard_noise_hat_best.pt	pilot/provisional
15	stages.2.blocks.1.attn.proj	attention_proj	stage_2	AnalogLinear	8	25760	single_layer_d2d_resample_checkpoint_baseline_full42	0.1	0.05	20260512	91.2109375	91.2109375	0.0	0.47226928174495697	0.49718667566776276	0.024917393922805786	41	512	cifar10	/home/qiaosir/projects/compute_vit/checkpoints/V4_hybrid_standard_noise_hat_best.pt	pilot/provisional
16	stages.2.blocks.1.mlp.fc1	mlp_fc1	stage_2	AnalogLinear	20	103040	single_layer_d2d_resample_checkpoint_baseline_full42	0.1	0.05	20260510	93.75	93.9453125	-0.1953125	0.33898304402828217	0.34982046484947205	0.01083742082118988	28	512	cifar10	/home/qiaosir/projects/compute_vit/checkpoints/V4_hybrid_standard_noise_hat_best.pt	pilot/provisional
16	stages.2.blocks.1.mlp.fc1	mlp_fc1	stage_2	AnalogLinear	20	103040	single_layer_d2d_resample_checkpoint_baseline_full42	0.1	0.05	20260511	92.7734375	92.1875	0.5859375	0.36475880444049835	0.4266326576471329	0.06187385320663452	28	512	cifar10	/home/qiaosir/projects/compute_vit/checkpoints/V4_hybrid_standard_noise_hat_best.pt	pilot/provisional
16	stages.2.blocks.1.mlp.fc1	mlp_fc1	stage_2	AnalogLinear	20	103040	single_layer_d2d_resample_checkpoint_baseline_full42	0.1	0.05	20260512	91.2109375	90.8203125	0.390625	0.47226928174495697	0.5213048160076141	0.049035534262657166	28	512	cifar10	/home/qiaosir/projects/compute_vit/checkpoints/V4_hybrid_standard_noise_hat_best.pt	pilot/provisional
17	stages.2.blocks.1.mlp.fc2	mlp_fc2	stage_2	AnalogLinear	20	102560	single_layer_d2d_resample_checkpoint_baseline_full42	0.1	0.05	20260510	93.75	92.578125	1.171875	0.33898304402828217	0.39335688948631287	0.0543738454580307	11	512	cifar10	/home/qiaosir/projects/compute_vit/checkpoints/V4_hybrid_standard_noise_hat_best.pt	pilot/provisional
17	stages.2.blocks.1.mlp.fc2	mlp_fc2	stage_2	AnalogLinear	20	102560	single_layer_d2d_resample_checkpoint_baseline_full42	0.1	0.05	20260511	92.7734375	91.796875	0.9765625	0.36475880444049835	0.40582965314388275	0.0410708487033844	11	512	cifar10	/home/qiaosir/projects/compute_vit/checkpoints/V4_hybrid_standard_noise_hat_best.pt	pilot/provisional
17	stages.2.blocks.1.mlp.fc2	mlp_fc2	stage_2	AnalogLinear	20	102560	single_layer_d2d_resample_checkpoint_baseline_full42	0.1	0.05	20260512	91.2109375	90.234375	0.9765625	0.47226928174495697	0.5180124640464783	0.0457431823015213	11	512	cifar10	/home/qiaosir/projects/compute_vit/checkpoints/V4_hybrid_standard_noise_hat_best.pt	pilot/provisional
18	stages.2.blocks.2.attn.qkv	attention_qkv	stage_2	AnalogLinear	16	77280	single_layer_d2d_resample_checkpoint_baseline_full42	0.1	0.05	20260510	93.75	94.3359375	-0.5859375	0.33898304402828217	0.3052109330892563	-0.03377211093902588	33	512	cifar10	/home/qiaosir/projects/compute_vit/checkpoints/V4_hybrid_standard_noise_hat_best.pt	pilot/provisional
18	stages.2.blocks.2.attn.qkv	attention_qkv	stage_2	AnalogLinear	16	77280	single_layer_d2d_resample_checkpoint_baseline_full42	0.1	0.05	20260511	92.7734375	93.359375	-0.5859375	0.36475880444049835	0.33214418590068817	-0.03261461853981018	33	512	cifar10	/home/qiaosir/projects/compute_vit/checkpoints/V4_hybrid_standard_noise_hat_best.pt	pilot/provisional
18	stages.2.blocks.2.attn.qkv	attention_qkv	stage_2	AnalogLinear	16	77280	single_layer_d2d_resample_checkpoint_baseline_full42	0.1	0.05	20260512	91.2109375	89.6484375	1.5625	0.47226928174495697	0.5139825344085693	0.041713252663612366	33	512	cifar10	/home/qiaosir/projects/compute_vit/checkpoints/V4_hybrid_standard_noise_hat_best.pt	pilot/provisional
19	stages.2.blocks.2.attn.proj	attention_proj	stage_2	AnalogLinear	8	25760	single_layer_d2d_resample_checkpoint_baseline_full42	0.1	0.05	20260510	93.75	92.3828125	1.3671875	0.33898304402828217	0.3220154643058777	-0.01696757972240448	19	512	cifar10	/home/qiaosir/projects/compute_vit/checkpoints/V4_hybrid_standard_noise_hat_best.pt	pilot/provisional
19	stages.2.blocks.2.attn.proj	attention_proj	stage_2	AnalogLinear	8	25760	single_layer_d2d_resample_checkpoint_baseline_full42	0.1	0.05	20260511	92.7734375	92.1875	0.5859375	0.36475880444049835	0.38125714659690857	0.016498342156410217	19	512	cifar10	/home/qiaosir/projects/compute_vit/checkpoints/V4_hybrid_standard_noise_hat_best.pt	pilot/provisional
19	stages.2.blocks.2.attn.proj	attention_proj	stage_2	AnalogLinear	8	25760	single_layer_d2d_resample_checkpoint_baseline_full42	0.1	0.05	20260512	91.2109375	91.40625	-0.1953125	0.47226928174495697	0.4486546814441681	-0.02361460030078888	19	512	cifar10	/home/qiaosir/projects/compute_vit/checkpoints/V4_hybrid_standard_noise_hat_best.pt	pilot/provisional
20	stages.2.blocks.2.mlp.fc1	mlp_fc1	stage_2	AnalogLinear	20	103040	single_layer_d2d_resample_checkpoint_baseline_full42	0.1	0.05	20260510	93.75	91.796875	1.953125	0.33898304402828217	0.4561590105295181	0.11717596650123596	9	512	cifar10	/home/qiaosir/projects/compute_vit/checkpoints/V4_hybrid_standard_noise_hat_best.pt	pilot/provisional
20	stages.2.blocks.2.mlp.fc1	mlp_fc1	stage_2	AnalogLinear	20	103040	single_layer_d2d_resample_checkpoint_baseline_full42	0.1	0.05	20260511	92.7734375	92.578125	0.1953125	0.36475880444049835	0.3769105523824692	0.012151747941970825	9	512	cifar10	/home/qiaosir/projects/compute_vit/checkpoints/V4_hybrid_standard_noise_hat_best.pt	pilot/provisional
20	stages.2.blocks.2.mlp.fc1	mlp_fc1	stage_2	AnalogLinear	20	103040	single_layer_d2d_resample_checkpoint_baseline_full42	0.1	0.05	20260512	91.2109375	90.0390625	1.171875	0.47226928174495697	0.5012964755296707	0.029027193784713745	9	512	cifar10	/home/qiaosir/projects/compute_vit/checkpoints/V4_hybrid_standard_noise_hat_best.pt	pilot/provisional
21	stages.2.blocks.2.mlp.fc2	mlp_fc2	stage_2	AnalogLinear	20	102560	single_layer_d2d_resample_checkpoint_baseline_full42	0.1	0.05	20260510	93.75	90.0390625	3.7109375	0.33898304402828217	0.544305145740509	0.20532210171222687	5	512	cifar10	/home/qiaosir/projects/compute_vit/checkpoints/V4_hybrid_standard_noise_hat_best.pt	pilot/provisional
21	stages.2.blocks.2.mlp.fc2	mlp_fc2	stage_2	AnalogLinear	20	102560	single_layer_d2d_resample_checkpoint_baseline_full42	0.1	0.05	20260511	92.7734375	90.0390625	2.734375	0.36475880444049835	0.4527224898338318	0.08796368539333344	5	512	cifar10	/home/qiaosir/projects/compute_vit/checkpoints/V4_hybrid_standard_noise_hat_best.pt	pilot/provisional
21	stages.2.blocks.2.mlp.fc2	mlp_fc2	stage_2	AnalogLinear	20	102560	single_layer_d2d_resample_checkpoint_baseline_full42	0.1	0.05	20260512	91.2109375	88.28125	2.9296875	0.47226928174495697	0.6416251957416534	0.16935591399669647	5	512	cifar10	/home/qiaosir/projects/compute_vit/checkpoints/V4_hybrid_standard_noise_hat_best.pt	pilot/provisional
22	stages.2.blocks.3.attn.qkv	attention_qkv	stage_2	AnalogLinear	16	77280	single_layer_d2d_resample_checkpoint_baseline_full42	0.1	0.05	20260510	93.75	92.96875	0.78125	0.33898304402828217	0.3811390995979309	0.04215605556964874	15	512	cifar10	/home/qiaosir/projects/compute_vit/checkpoints/V4_hybrid_standard_noise_hat_best.pt	pilot/provisional
22	stages.2.blocks.3.attn.qkv	attention_qkv	stage_2	AnalogLinear	16	77280	single_layer_d2d_resample_checkpoint_baseline_full42	0.1	0.05	20260511	92.7734375	91.9921875	0.78125	0.36475880444049835	0.4122495651245117	0.04749076068401337	15	512	cifar10	/home/qiaosir/projects/compute_vit/checkpoints/V4_hybrid_standard_noise_hat_best.pt	pilot/provisional
22	stages.2.blocks.3.attn.qkv	attention_qkv	stage_2	AnalogLinear	16	77280	single_layer_d2d_resample_checkpoint_baseline_full42	0.1	0.05	20260512	91.2109375	90.8203125	0.390625	0.47226928174495697	0.5362070202827454	0.06393773853778839	15	512	cifar10	/home/qiaosir/projects/compute_vit/checkpoints/V4_hybrid_standard_noise_hat_best.pt	pilot/provisional
23	stages.2.blocks.3.attn.proj	attention_proj	stage_2	AnalogLinear	8	25760	single_layer_d2d_resample_checkpoint_baseline_full42	0.1	0.05	20260510	93.75	93.1640625	0.5859375	0.33898304402828217	0.3728109896183014	0.033827945590019226	31	512	cifar10	/home/qiaosir/projects/compute_vit/checkpoints/V4_hybrid_standard_noise_hat_best.pt	pilot/provisional
23	stages.2.blocks.3.attn.proj	attention_proj	stage_2	AnalogLinear	8	25760	single_layer_d2d_resample_checkpoint_baseline_full42	0.1	0.05	20260511	92.7734375	92.96875	-0.1953125	0.36475880444049835	0.36535103619098663	0.0005922317504882812	31	512	cifar10	/home/qiaosir/projects/compute_vit/checkpoints/V4_hybrid_standard_noise_hat_best.pt	pilot/provisional
23	stages.2.blocks.3.attn.proj	attention_proj	stage_2	AnalogLinear	8	25760	single_layer_d2d_resample_checkpoint_baseline_full42	0.1	0.05	20260512	91.2109375	91.2109375	0.0	0.47226928174495697	0.5025286078453064	0.030259326100349426	31	512	cifar10	/home/qiaosir/projects/compute_vit/checkpoints/V4_hybrid_standard_noise_hat_best.pt	pilot/provisional
24	stages.2.blocks.3.mlp.fc1	mlp_fc1	stage_2	AnalogLinear	20	103040	single_layer_d2d_resample_checkpoint_baseline_full42	0.1	0.05	20260510	93.75	92.578125	1.171875	0.33898304402828217	0.34007182717323303	0.0010887831449508667	13	512	cifar10	/home/qiaosir/projects/compute_vit/checkpoints/V4_hybrid_standard_noise_hat_best.pt	pilot/provisional
24	stages.2.blocks.3.mlp.fc1	mlp_fc1	stage_2	AnalogLinear	20	103040	single_layer_d2d_resample_checkpoint_baseline_full42	0.1	0.05	20260511	92.7734375	92.1875	0.5859375	0.36475880444049835	0.38570818305015564	0.020949378609657288	13	512	cifar10	/home/qiaosir/projects/compute_vit/checkpoints/V4_hybrid_standard_noise_hat_best.pt	pilot/provisional
24	stages.2.blocks.3.mlp.fc1	mlp_fc1	stage_2	AnalogLinear	20	103040	single_layer_d2d_resample_checkpoint_baseline_full42	0.1	0.05	20260512	91.2109375	90.4296875	0.78125	0.47226928174495697	0.5179063081741333	0.04563702642917633	13	512	cifar10	/home/qiaosir/projects/compute_vit/checkpoints/V4_hybrid_standard_noise_hat_best.pt	pilot/provisional
25	stages.2.blocks.3.mlp.fc2	mlp_fc2	stage_2	AnalogLinear	20	102560	single_layer_d2d_resample_checkpoint_baseline_full42	0.1	0.05	20260510	93.75	93.359375	0.390625	0.33898304402828217	0.3277735114097595	-0.011209532618522644	30	512	cifar10	/home/qiaosir/projects/compute_vit/checkpoints/V4_hybrid_standard_noise_hat_best.pt	pilot/provisional
25	stages.2.blocks.3.mlp.fc2	mlp_fc2	stage_2	AnalogLinear	20	102560	single_layer_d2d_resample_checkpoint_baseline_full42	0.1	0.05	20260511	92.7734375	91.9921875	0.78125	0.36475880444049835	0.3497527241706848	-0.015006080269813538	30	512	cifar10	/home/qiaosir/projects/compute_vit/checkpoints/V4_hybrid_standard_noise_hat_best.pt	pilot/provisional
25	stages.2.blocks.3.mlp.fc2	mlp_fc2	stage_2	AnalogLinear	20	102560	single_layer_d2d_resample_checkpoint_baseline_full42	0.1	0.05	20260512	91.2109375	91.796875	-0.5859375	0.47226928174495697	0.4419875144958496	-0.03028176724910736	30	512	cifar10	/home/qiaosir/projects/compute_vit/checkpoints/V4_hybrid_standard_noise_hat_best.pt	pilot/provisional
26	stages.2.blocks.4.attn.qkv	attention_qkv	stage_2	AnalogLinear	16	77280	single_layer_d2d_resample_checkpoint_baseline_full42	0.1	0.05	20260510	93.75	92.96875	0.78125	0.33898304402828217	0.41050422191619873	0.07152117788791656	21	512	cifar10	/home/qiaosir/projects/compute_vit/checkpoints/V4_hybrid_standard_noise_hat_best.pt	pilot/provisional
26	stages.2.blocks.4.attn.qkv	attention_qkv	stage_2	AnalogLinear	16	77280	single_layer_d2d_resample_checkpoint_baseline_full42	0.1	0.05	20260511	92.7734375	91.6015625	1.171875	0.36475880444049835	0.4113584905862808	0.04659968614578247	21	512	cifar10	/home/qiaosir/projects/compute_vit/checkpoints/V4_hybrid_standard_noise_hat_best.pt	pilot/provisional
26	stages.2.blocks.4.attn.qkv	attention_qkv	stage_2	AnalogLinear	16	77280	single_layer_d2d_resample_checkpoint_baseline_full42	0.1	0.05	20260512	91.2109375	91.6015625	-0.390625	0.47226928174495697	0.49476370215415955	0.022494420409202576	21	512	cifar10	/home/qiaosir/projects/compute_vit/checkpoints/V4_hybrid_standard_noise_hat_best.pt	pilot/provisional
27	stages.2.blocks.4.attn.proj	attention_proj	stage_2	AnalogLinear	8	25760	single_layer_d2d_resample_checkpoint_baseline_full42	0.1	0.05	20260510	93.75	93.359375	0.390625	0.33898304402828217	0.33614692091941833	-0.0028361231088638306	22	512	cifar10	/home/qiaosir/projects/compute_vit/checkpoints/V4_hybrid_standard_noise_hat_best.pt	pilot/provisional
27	stages.2.blocks.4.attn.proj	attention_proj	stage_2	AnalogLinear	8	25760	single_layer_d2d_resample_checkpoint_baseline_full42	0.1	0.05	20260511	92.7734375	91.9921875	0.78125	0.36475880444049835	0.38297948241233826	0.018220677971839905	22	512	cifar10	/home/qiaosir/projects/compute_vit/checkpoints/V4_hybrid_standard_noise_hat_best.pt	pilot/provisional
27	stages.2.blocks.4.attn.proj	attention_proj	stage_2	AnalogLinear	8	25760	single_layer_d2d_resample_checkpoint_baseline_full42	0.1	0.05	20260512	91.2109375	91.015625	0.1953125	0.47226928174495697	0.47915366291999817	0.006884381175041199	22	512	cifar10	/home/qiaosir/projects/compute_vit/checkpoints/V4_hybrid_standard_noise_hat_best.pt	pilot/provisional
28	stages.2.blocks.4.mlp.fc1	mlp_fc1	stage_2	AnalogLinear	20	103040	single_layer_d2d_resample_checkpoint_baseline_full42	0.1	0.05	20260510	93.75	87.3046875	6.4453125	0.33898304402828217	0.557268500328064	0.2182854562997818	4	512	cifar10	/home/qiaosir/projects/compute_vit/checkpoints/V4_hybrid_standard_noise_hat_best.pt	pilot/provisional
28	stages.2.blocks.4.mlp.fc1	mlp_fc1	stage_2	AnalogLinear	20	103040	single_layer_d2d_resample_checkpoint_baseline_full42	0.1	0.05	20260511	92.7734375	83.7890625	8.984375	0.36475880444049835	0.7917432188987732	0.42698441445827484	4	512	cifar10	/home/qiaosir/projects/compute_vit/checkpoints/V4_hybrid_standard_noise_hat_best.pt	pilot/provisional
28	stages.2.blocks.4.mlp.fc1	mlp_fc1	stage_2	AnalogLinear	20	103040	single_layer_d2d_resample_checkpoint_baseline_full42	0.1	0.05	20260512	91.2109375	82.8125	8.3984375	0.47226928174495697	0.8194208443164825	0.3471515625715256	4	512	cifar10	/home/qiaosir/projects/compute_vit/checkpoints/V4_hybrid_standard_noise_hat_best.pt	pilot/provisional
29	stages.2.blocks.4.mlp.fc2	mlp_fc2	stage_2	AnalogLinear	20	102560	single_layer_d2d_resample_checkpoint_baseline_full42	0.1	0.05	20260510	93.75	92.578125	1.171875	0.33898304402828217	0.40064695477485657	0.0616639107465744	18	512	cifar10	/home/qiaosir/projects/compute_vit/checkpoints/V4_hybrid_standard_noise_hat_best.pt	pilot/provisional
29	stages.2.blocks.4.mlp.fc2	mlp_fc2	stage_2	AnalogLinear	20	102560	single_layer_d2d_resample_checkpoint_baseline_full42	0.1	0.05	20260511	92.7734375	91.6015625	1.171875	0.36475880444049835	0.3795340657234192	0.014775261282920837	18	512	cifar10	/home/qiaosir/projects/compute_vit/checkpoints/V4_hybrid_standard_noise_hat_best.pt	pilot/provisional
29	stages.2.blocks.4.mlp.fc2	mlp_fc2	stage_2	AnalogLinear	20	102560	single_layer_d2d_resample_checkpoint_baseline_full42	0.1	0.05	20260512	91.2109375	91.796875	-0.5859375	0.47226928174495697	0.43716980516910553	-0.03509947657585144	18	512	cifar10	/home/qiaosir/projects/compute_vit/checkpoints/V4_hybrid_standard_noise_hat_best.pt	pilot/provisional
30	stages.2.blocks.5.attn.qkv	attention_qkv	stage_2	AnalogLinear	16	77280	single_layer_d2d_resample_checkpoint_baseline_full42	0.1	0.05	20260510	93.75	93.5546875	0.1953125	0.33898304402828217	0.341910719871521	0.0029276758432388306	25	512	cifar10	/home/qiaosir/projects/compute_vit/checkpoints/V4_hybrid_standard_noise_hat_best.pt	pilot/provisional
30	stages.2.blocks.5.attn.qkv	attention_qkv	stage_2	AnalogLinear	16	77280	single_layer_d2d_resample_checkpoint_baseline_full42	0.1	0.05	20260511	92.7734375	92.1875	0.5859375	0.36475880444049835	0.3859543055295944	0.02119550108909607	25	512	cifar10	/home/qiaosir/projects/compute_vit/checkpoints/V4_hybrid_standard_noise_hat_best.pt	pilot/provisional
30	stages.2.blocks.5.attn.qkv	attention_qkv	stage_2	AnalogLinear	16	77280	single_layer_d2d_resample_checkpoint_baseline_full42	0.1	0.05	20260512	91.2109375	90.8203125	0.390625	0.47226928174495697	0.5050947070121765	0.03282542526721954	25	512	cifar10	/home/qiaosir/projects/compute_vit/checkpoints/V4_hybrid_standard_noise_hat_best.pt	pilot/provisional
31	stages.2.blocks.5.attn.proj	attention_proj	stage_2	AnalogLinear	8	25760	single_layer_d2d_resample_checkpoint_baseline_full42	0.1	0.05	20260510	93.75	93.1640625	0.5859375	0.33898304402828217	0.35234902799129486	0.013365983963012695	29	512	cifar10	/home/qiaosir/projects/compute_vit/checkpoints/V4_hybrid_standard_noise_hat_best.pt	pilot/provisional
31	stages.2.blocks.5.attn.proj	attention_proj	stage_2	AnalogLinear	8	25760	single_layer_d2d_resample_checkpoint_baseline_full42	0.1	0.05	20260511	92.7734375	92.3828125	0.390625	0.36475880444049835	0.3793084919452667	0.014549687504768372	29	512	cifar10	/home/qiaosir/projects/compute_vit/checkpoints/V4_hybrid_standard_noise_hat_best.pt	pilot/provisional
31	stages.2.blocks.5.attn.proj	attention_proj	stage_2	AnalogLinear	8	25760	single_layer_d2d_resample_checkpoint_baseline_full42	0.1	0.05	20260512	91.2109375	91.40625	-0.1953125	0.47226928174495697	0.4793812781572342	0.007111996412277222	29	512	cifar10	/home/qiaosir/projects/compute_vit/checkpoints/V4_hybrid_standard_noise_hat_best.pt	pilot/provisional
32	stages.2.blocks.5.mlp.fc1	mlp_fc1	stage_2	AnalogLinear	20	103040	single_layer_d2d_resample_checkpoint_baseline_full42	0.1	0.05	20260510	93.75	93.5546875	0.1953125	0.33898304402828217	0.3027777075767517	-0.03620533645153046	39	512	cifar10	/home/qiaosir/projects/compute_vit/checkpoints/V4_hybrid_standard_noise_hat_best.pt	pilot/provisional
32	stages.2.blocks.5.mlp.fc1	mlp_fc1	stage_2	AnalogLinear	20	103040	single_layer_d2d_resample_checkpoint_baseline_full42	0.1	0.05	20260511	92.7734375	92.7734375	0.0	0.36475880444049835	0.3337922841310501	-0.030966520309448242	39	512	cifar10	/home/qiaosir/projects/compute_vit/checkpoints/V4_hybrid_standard_noise_hat_best.pt	pilot/provisional
32	stages.2.blocks.5.mlp.fc1	mlp_fc1	stage_2	AnalogLinear	20	103040	single_layer_d2d_resample_checkpoint_baseline_full42	0.1	0.05	20260512	91.2109375	91.40625	-0.1953125	0.47226928174495697	0.46141834557056427	-0.0108509361743927	39	512	cifar10	/home/qiaosir/projects/compute_vit/checkpoints/V4_hybrid_standard_noise_hat_best.pt	pilot/provisional
33	stages.2.blocks.5.mlp.fc2	mlp_fc2	stage_2	AnalogLinear	20	102560	single_layer_d2d_resample_checkpoint_baseline_full42	0.1	0.05	20260510	93.75	81.25	12.5	0.33898304402828217	1.0881969034671783	0.7492138594388962	3	512	cifar10	/home/qiaosir/projects/compute_vit/checkpoints/V4_hybrid_standard_noise_hat_best.pt	pilot/provisional
33	stages.2.blocks.5.mlp.fc2	mlp_fc2	stage_2	AnalogLinear	20	102560	single_layer_d2d_resample_checkpoint_baseline_full42	0.1	0.05	20260511	92.7734375	89.453125	3.3203125	0.36475880444049835	0.5371647477149963	0.17240594327449799	3	512	cifar10	/home/qiaosir/projects/compute_vit/checkpoints/V4_hybrid_standard_noise_hat_best.pt	pilot/provisional
33	stages.2.blocks.5.mlp.fc2	mlp_fc2	stage_2	AnalogLinear	20	102560	single_layer_d2d_resample_checkpoint_baseline_full42	0.1	0.05	20260512	91.2109375	79.6875	11.5234375	0.47226928174495697	1.1002217531204224	0.6279524713754654	3	512	cifar10	/home/qiaosir/projects/compute_vit/checkpoints/V4_hybrid_standard_noise_hat_best.pt	pilot/provisional
34	stages.3.blocks.0.attn.qkv	attention_qkv	stage_3	AnalogLinear	48	308160	single_layer_d2d_resample_checkpoint_baseline_full42	0.1	0.05	20260510	93.75	93.359375	0.390625	0.33898304402828217	0.31771044433116913	-0.021272599697113037	35	512	cifar10	/home/qiaosir/projects/compute_vit/checkpoints/V4_hybrid_standard_noise_hat_best.pt	pilot/provisional
34	stages.3.blocks.0.attn.qkv	attention_qkv	stage_3	AnalogLinear	48	308160	single_layer_d2d_resample_checkpoint_baseline_full42	0.1	0.05	20260511	92.7734375	91.9921875	0.78125	0.36475880444049835	0.37141191959381104	0.006653115153312683	35	512	cifar10	/home/qiaosir/projects/compute_vit/checkpoints/V4_hybrid_standard_noise_hat_best.pt	pilot/provisional
34	stages.3.blocks.0.attn.qkv	attention_qkv	stage_3	AnalogLinear	48	308160	single_layer_d2d_resample_checkpoint_baseline_full42	0.1	0.05	20260512	91.2109375	92.1875	-0.9765625	0.47226928174495697	0.4501280337572098	-0.022141247987747192	35	512	cifar10	/home/qiaosir/projects/compute_vit/checkpoints/V4_hybrid_standard_noise_hat_best.pt	pilot/provisional
35	stages.3.blocks.0.attn.proj	attention_proj	stage_3	AnalogLinear	18	102720	single_layer_d2d_resample_checkpoint_baseline_full42	0.1	0.05	20260510	93.75	92.96875	0.78125	0.33898304402828217	0.3534245938062668	0.01444154977798462	24	512	cifar10	/home/qiaosir/projects/compute_vit/checkpoints/V4_hybrid_standard_noise_hat_best.pt	pilot/provisional
35	stages.3.blocks.0.attn.proj	attention_proj	stage_3	AnalogLinear	18	102720	single_layer_d2d_resample_checkpoint_baseline_full42	0.1	0.05	20260511	92.7734375	92.7734375	0.0	0.36475880444049835	0.38885974884033203	0.02410094439983368	24	512	cifar10	/home/qiaosir/projects/compute_vit/checkpoints/V4_hybrid_standard_noise_hat_best.pt	pilot/provisional
35	stages.3.blocks.0.attn.proj	attention_proj	stage_3	AnalogLinear	18	102720	single_layer_d2d_resample_checkpoint_baseline_full42	0.1	0.05	20260512	91.2109375	90.8203125	0.390625	0.47226928174495697	0.5180924534797668	0.045823171734809875	24	512	cifar10	/home/qiaosir/projects/compute_vit/checkpoints/V4_hybrid_standard_noise_hat_best.pt	pilot/provisional
36	stages.3.blocks.0.mlp.fc1	mlp_fc1	stage_3	AnalogLinear	60	410880	single_layer_d2d_resample_checkpoint_baseline_full42	0.1	0.05	20260510	93.75	91.9921875	1.7578125	0.33898304402828217	0.3915551155805588	0.05257207155227661	6	512	cifar10	/home/qiaosir/projects/compute_vit/checkpoints/V4_hybrid_standard_noise_hat_best.pt	pilot/provisional
36	stages.3.blocks.0.mlp.fc1	mlp_fc1	stage_3	AnalogLinear	60	410880	single_layer_d2d_resample_checkpoint_baseline_full42	0.1	0.05	20260511	92.7734375	90.0390625	2.734375	0.36475880444049835	0.46128931641578674	0.09653051197528839	6	512	cifar10	/home/qiaosir/projects/compute_vit/checkpoints/V4_hybrid_standard_noise_hat_best.pt	pilot/provisional
36	stages.3.blocks.0.mlp.fc1	mlp_fc1	stage_3	AnalogLinear	60	410880	single_layer_d2d_resample_checkpoint_baseline_full42	0.1	0.05	20260512	91.2109375	88.671875	2.5390625	0.47226928174495697	0.5792000442743301	0.10693076252937317	6	512	cifar10	/home/qiaosir/projects/compute_vit/checkpoints/V4_hybrid_standard_noise_hat_best.pt	pilot/provisional
37	stages.3.blocks.0.mlp.fc2	mlp_fc2	stage_3	AnalogLinear	60	409920	single_layer_d2d_resample_checkpoint_baseline_full42	0.1	0.05	20260510	93.75	8.984375	84.765625	0.33898304402828217	7.925520181655884	7.586537137627602	1	512	cifar10	/home/qiaosir/projects/compute_vit/checkpoints/V4_hybrid_standard_noise_hat_best.pt	pilot/provisional
37	stages.3.blocks.0.mlp.fc2	mlp_fc2	stage_3	AnalogLinear	60	409920	single_layer_d2d_resample_checkpoint_baseline_full42	0.1	0.05	20260511	92.7734375	8.984375	83.7890625	0.36475880444049835	9.104191303253174	8.739432498812675	1	512	cifar10	/home/qiaosir/projects/compute_vit/checkpoints/V4_hybrid_standard_noise_hat_best.pt	pilot/provisional
37	stages.3.blocks.0.mlp.fc2	mlp_fc2	stage_3	AnalogLinear	60	409920	single_layer_d2d_resample_checkpoint_baseline_full42	0.1	0.05	20260512	91.2109375	8.984375	82.2265625	0.47226928174495697	8.286928653717041	7.814659371972084	1	512	cifar10	/home/qiaosir/projects/compute_vit/checkpoints/V4_hybrid_standard_noise_hat_best.pt	pilot/provisional
38	stages.3.blocks.1.attn.qkv	attention_qkv	stage_3	AnalogLinear	48	308160	single_layer_d2d_resample_checkpoint_baseline_full42	0.1	0.05	20260510	93.75	93.359375	0.390625	0.33898304402828217	0.3414457142353058	0.0024626702070236206	40	512	cifar10	/home/qiaosir/projects/compute_vit/checkpoints/V4_hybrid_standard_noise_hat_best.pt	pilot/provisional
38	stages.3.blocks.1.attn.qkv	attention_qkv	stage_3	AnalogLinear	48	308160	single_layer_d2d_resample_checkpoint_baseline_full42	0.1	0.05	20260511	92.7734375	92.7734375	0.0	0.36475880444049835	0.36086326837539673	-0.0038955360651016235	40	512	cifar10	/home/qiaosir/projects/compute_vit/checkpoints/V4_hybrid_standard_noise_hat_best.pt	pilot/provisional
38	stages.3.blocks.1.attn.qkv	attention_qkv	stage_3	AnalogLinear	48	308160	single_layer_d2d_resample_checkpoint_baseline_full42	0.1	0.05	20260512	91.2109375	91.796875	-0.5859375	0.47226928174495697	0.46633201837539673	-0.005937263369560242	40	512	cifar10	/home/qiaosir/projects/compute_vit/checkpoints/V4_hybrid_standard_noise_hat_best.pt	pilot/provisional
39	stages.3.blocks.1.attn.proj	attention_proj	stage_3	AnalogLinear	18	102720	single_layer_d2d_resample_checkpoint_baseline_full42	0.1	0.05	20260510	93.75	93.1640625	0.5859375	0.33898304402828217	0.3496551811695099	0.010672137141227722	32	512	cifar10	/home/qiaosir/projects/compute_vit/checkpoints/V4_hybrid_standard_noise_hat_best.pt	pilot/provisional
39	stages.3.blocks.1.attn.proj	attention_proj	stage_3	AnalogLinear	18	102720	single_layer_d2d_resample_checkpoint_baseline_full42	0.1	0.05	20260511	92.7734375	93.1640625	-0.390625	0.36475880444049835	0.37194252014160156	0.0071837157011032104	32	512	cifar10	/home/qiaosir/projects/compute_vit/checkpoints/V4_hybrid_standard_noise_hat_best.pt	pilot/provisional
39	stages.3.blocks.1.attn.proj	attention_proj	stage_3	AnalogLinear	18	102720	single_layer_d2d_resample_checkpoint_baseline_full42	0.1	0.05	20260512	91.2109375	91.015625	0.1953125	0.47226928174495697	0.4965371936559677	0.024267911911010742	32	512	cifar10	/home/qiaosir/projects/compute_vit/checkpoints/V4_hybrid_standard_noise_hat_best.pt	pilot/provisional
40	stages.3.blocks.1.mlp.fc1	mlp_fc1	stage_3	AnalogLinear	60	410880	single_layer_d2d_resample_checkpoint_baseline_full42	0.1	0.05	20260510	93.75	93.1640625	0.5859375	0.33898304402828217	0.3407955765724182	0.0018125325441360474	37	512	cifar10	/home/qiaosir/projects/compute_vit/checkpoints/V4_hybrid_standard_noise_hat_best.pt	pilot/provisional
40	stages.3.blocks.1.mlp.fc1	mlp_fc1	stage_3	AnalogLinear	60	410880	single_layer_d2d_resample_checkpoint_baseline_full42	0.1	0.05	20260511	92.7734375	92.96875	-0.1953125	0.36475880444049835	0.3656117171049118	0.0008529126644134521	37	512	cifar10	/home/qiaosir/projects/compute_vit/checkpoints/V4_hybrid_standard_noise_hat_best.pt	pilot/provisional
40	stages.3.blocks.1.mlp.fc1	mlp_fc1	stage_3	AnalogLinear	60	410880	single_layer_d2d_resample_checkpoint_baseline_full42	0.1	0.05	20260512	91.2109375	91.6015625	-0.390625	0.47226928174495697	0.47777335345745087	0.0055040717124938965	37	512	cifar10	/home/qiaosir/projects/compute_vit/checkpoints/V4_hybrid_standard_noise_hat_best.pt	pilot/provisional
41	stages.3.blocks.1.mlp.fc2	mlp_fc2	stage_3	AnalogLinear	60	409920	single_layer_d2d_resample_checkpoint_baseline_full42	0.1	0.05	20260510	93.75	93.5546875	0.1953125	0.33898304402828217	0.31397897005081177	-0.025004073977470398	36	512	cifar10	/home/qiaosir/projects/compute_vit/checkpoints/V4_hybrid_standard_noise_hat_best.pt	pilot/provisional
41	stages.3.blocks.1.mlp.fc2	mlp_fc2	stage_3	AnalogLinear	60	409920	single_layer_d2d_resample_checkpoint_baseline_full42	0.1	0.05	20260511	92.7734375	92.7734375	0.0	0.36475880444049835	0.34325604140758514	-0.021502763032913208	36	512	cifar10	/home/qiaosir/projects/compute_vit/checkpoints/V4_hybrid_standard_noise_hat_best.pt	pilot/provisional
41	stages.3.blocks.1.mlp.fc2	mlp_fc2	stage_3	AnalogLinear	60	409920	single_layer_d2d_resample_checkpoint_baseline_full42	0.1	0.05	20260512	91.2109375	91.2109375	0.0	0.47226928174495697	0.42780306935310364	-0.04446621239185333	36	512	cifar10	/home/qiaosir/projects/compute_vit/checkpoints/V4_hybrid_standard_noise_hat_best.pt	pilot/provisional
