model,experiment,experiment_name,dataset,checkpoint_path,layer,kind,samples,relative_scale,absolute_threshold,mean_relative_zero_frac,mean_relative_nonzero_frac,last_relative_zero_frac,mean_absolute_zero_frac,mean_absolute_nonzero_frac,last_absolute_zero_frac,model_mean_relative_zero_frac,model_mean_absolute_zero_frac,analysis_type,sweep_type,sigma_c2c,sigma_d2d,adc_label,device_type,profile,phase,group_id,group_label,selected_group_ids
tinyvit,V4,V4_hybrid_standard_noise_hat,cifar10,checkpoints/V4_hybrid_standard_noise_hat_best.pt,patch_embed.conv1.conv,AnalogConv2d,1570,0.01,0.01,0.01707910358383777,0.9829208964161622,0.017172053456306458,0.005696084205013741,0.9943039157949862,0.005739795975387096,0.06893899967737502,0.0384540503787082,noise_sweep,adc,0.05,0.1,ideal,,,,,,
tinyvit,V4,V4_hybrid_standard_noise_hat,cifar10,checkpoints/V4_hybrid_standard_noise_hat_best.pt,patch_embed.conv2.conv,AnalogConv2d,1570,0.01,0.01,0.09560136710572395,0.904398632894276,0.07132191210985184,0.02101407295247172,0.9789859270475283,0.02173723466694355,0.06893899967737502,0.0384540503787082,noise_sweep,adc,0.05,0.1,ideal,,,,,,
tinyvit,V4,V4_hybrid_standard_noise_hat,cifar10,checkpoints/V4_hybrid_standard_noise_hat_best.pt,stages.1.blocks.0.attn.qkv,AnalogLinear,1570,0.01,0.01,0.11398755382675274,0.8860124461732473,0.10387249290943146,0.08157477504128863,0.9184252249587114,0.08123467862606049,0.06893899967737502,0.0384540503787082,noise_sweep,adc,0.05,0.1,ideal,,,,,,
tinyvit,V4,V4_hybrid_standard_noise_hat,cifar10,checkpoints/V4_hybrid_standard_noise_hat_best.pt,stages.1.blocks.0.attn.proj,AnalogLinear,1570,0.01,0.01,0.05401100328156523,0.9459889967184347,0.04693852365016937,0.04833168851057435,0.9516683114894257,0.04791508615016937,0.06893899967737502,0.0384540503787082,noise_sweep,adc,0.05,0.1,ideal,,,,,,
tinyvit,V4,V4_hybrid_standard_noise_hat,cifar10,checkpoints/V4_hybrid_standard_noise_hat_best.pt,stages.1.blocks.0.mlp.fc1,AnalogLinear,1570,0.01,0.01,0.11688758975760952,0.8831124102423905,0.10503091663122177,0.05891060769842688,0.9410893923015731,0.05865478515625,0.06893899967737502,0.0384540503787082,noise_sweep,adc,0.05,0.1,ideal,,,,,,
tinyvit,V4,V4_hybrid_standard_noise_hat,cifar10,checkpoints/V4_hybrid_standard_noise_hat_best.pt,stages.1.blocks.0.mlp.fc2,AnalogLinear,1570,0.01,0.01,0.07668423480621189,0.9233157651937881,0.06393354386091232,0.027287670504894987,0.972712329495105,0.027020512148737907,0.06893899967737502,0.0384540503787082,noise_sweep,adc,0.05,0.1,ideal,,,,,,
tinyvit,V4,V4_hybrid_standard_noise_hat,cifar10,checkpoints/V4_hybrid_standard_noise_hat_best.pt,stages.1.blocks.1.attn.qkv,AnalogLinear,1570,0.01,0.01,0.05443080918993919,0.9455691908100609,0.05477531626820564,0.03977580935379882,0.9602241906462012,0.039787448942661285,0.06893899967737502,0.0384540503787082,noise_sweep,adc,0.05,0.1,ideal,,,,,,
tinyvit,V4,V4_hybrid_standard_noise_hat,cifar10,checkpoints/V4_hybrid_standard_noise_hat_best.pt,stages.1.blocks.1.attn.proj,AnalogLinear,1570,0.01,0.01,0.040811562675769165,0.9591884373242309,0.03666406497359276,0.03433167596887441,0.9656683240311256,0.036137793213129044,0.06893899967737502,0.0384540503787082,noise_sweep,adc,0.05,0.1,ideal,,,,,,
tinyvit,V4,V4_hybrid_standard_noise_hat,cifar10,checkpoints/V4_hybrid_standard_noise_hat_best.pt,stages.1.blocks.1.mlp.fc1,AnalogLinear,1570,0.01,0.01,0.08046999324089403,0.919530006759106,0.08017590641975403,0.04143209058767671,0.9585679094123233,0.04133014380931854,0.06893899967737502,0.0384540503787082,noise_sweep,adc,0.05,0.1,ideal,,,,,,
tinyvit,V4,V4_hybrid_standard_noise_hat,cifar10,checkpoints/V4_hybrid_standard_noise_hat_best.pt,stages.1.blocks.1.mlp.fc2,AnalogLinear,1570,0.01,0.01,0.007375259344187227,0.9926247406558127,0.0077106705866754055,0.004819884350831816,0.9951801156491682,0.005309124477207661,0.06893899967737502,0.0384540503787082,noise_sweep,adc,0.05,0.1,ideal,,,,,,
tinyvit,V4,V4_hybrid_standard_noise_hat,cifar10,checkpoints/V4_hybrid_standard_noise_hat_best.pt,stages.2.blocks.0.attn.qkv,AnalogLinear,1570,0.01,0.01,0.08520292179409865,0.9147970782059014,0.08092713356018066,0.07204281320902192,0.927957186790978,0.07256457209587097,0.06893899967737502,0.0384540503787082,noise_sweep,adc,0.05,0.1,ideal,,,,,,
tinyvit,V4,V4_hybrid_standard_noise_hat,cifar10,checkpoints/V4_hybrid_standard_noise_hat_best.pt,stages.2.blocks.0.attn.proj,AnalogLinear,1570,0.01,0.01,0.04938544166410805,0.9506145583358919,0.037121329456567764,0.034928897450304336,0.9650711025496956,0.03245176747441292,0.06893899967737502,0.0384540503787082,noise_sweep,adc,0.05,0.1,ideal,,,,,,
tinyvit,V4,V4_hybrid_standard_noise_hat,cifar10,checkpoints/V4_hybrid_standard_noise_hat_best.pt,stages.2.blocks.0.mlp.fc1,AnalogLinear,1570,0.01,0.01,0.07463337674404785,0.9253666232559521,0.05666254460811615,0.04467383693832501,0.955326163061675,0.04360251873731613,0.06893899967737502,0.0384540503787082,noise_sweep,adc,0.05,0.1,ideal,,,,,,
tinyvit,V4,V4_hybrid_standard_noise_hat,cifar10,checkpoints/V4_hybrid_standard_noise_hat_best.pt,stages.2.blocks.0.mlp.fc2,AnalogLinear,1570,0.01,0.01,0.04348653870735578,0.9565134612926443,0.034763630479574203,0.020957065550432464,0.9790429344495676,0.020688675343990326,0.06893899967737502,0.0384540503787082,noise_sweep,adc,0.05,0.1,ideal,,,,,,
tinyvit,V4,V4_hybrid_standard_noise_hat,cifar10,checkpoints/V4_hybrid_standard_noise_hat_best.pt,stages.2.blocks.1.attn.qkv,AnalogLinear,1570,0.01,0.01,0.059950554280713865,0.9400494457192862,0.06026386842131615,0.04039367016665875,0.9596063298333413,0.03859813138842583,0.06893899967737502,0.0384540503787082,noise_sweep,adc,0.05,0.1,ideal,,,,,,
tinyvit,V4,V4_hybrid_standard_noise_hat,cifar10,checkpoints/V4_hybrid_standard_noise_hat_best.pt,stages.2.blocks.1.attn.proj,AnalogLinear,1570,0.01,0.01,0.04781452900000439,0.9521854709999956,0.044736526906490326,0.028316617894704174,0.9716833821052958,0.028527582064270973,0.06893899967737502,0.0384540503787082,noise_sweep,adc,0.05,0.1,ideal,,,,,,
tinyvit,V4,V4_hybrid_standard_noise_hat,cifar10,checkpoints/V4_hybrid_standard_noise_hat_best.pt,stages.2.blocks.1.mlp.fc1,AnalogLinear,1570,0.01,0.01,0.07984167129086081,0.9201583287091392,0.07621372491121292,0.044714916877116366,0.9552850831228836,0.04387754946947098,0.06893899967737502,0.0384540503787082,noise_sweep,adc,0.05,0.1,ideal,,,,,,
tinyvit,V4,V4_hybrid_standard_noise_hat,cifar10,checkpoints/V4_hybrid_standard_noise_hat_best.pt,stages.2.blocks.1.mlp.fc2,AnalogLinear,1570,0.01,0.01,0.046603923587567486,0.9533960764124325,0.042321525514125824,0.020310976510499693,0.9796890234895003,0.019620932638645172,0.06893899967737502,0.0384540503787082,noise_sweep,adc,0.05,0.1,ideal,,,,,,
tinyvit,V4,V4_hybrid_standard_noise_hat,cifar10,checkpoints/V4_hybrid_standard_noise_hat_best.pt,stages.2.blocks.2.attn.qkv,AnalogLinear,1570,0.01,0.01,0.06159693155034333,0.9384030684496567,0.06081194058060646,0.03352858077758437,0.9664714192224156,0.03375717252492905,0.06893899967737502,0.0384540503787082,noise_sweep,adc,0.05,0.1,ideal,,,,,,
tinyvit,V4,V4_hybrid_standard_noise_hat,cifar10,checkpoints/V4_hybrid_standard_noise_hat_best.pt,stages.2.blocks.2.attn.proj,AnalogLinear,1570,0.01,0.01,0.05709379834069568,0.9429062016593043,0.0511300191283226,0.03184644210680275,0.9681535578931972,0.0335957407951355,0.06893899967737502,0.0384540503787082,noise_sweep,adc,0.05,0.1,ideal,,,,,,
tinyvit,V4,V4_hybrid_standard_noise_hat,cifar10,checkpoints/V4_hybrid_standard_noise_hat_best.pt,stages.2.blocks.2.mlp.fc1,AnalogLinear,1570,0.01,0.01,0.07188374379732806,0.9281162562026719,0.07312459498643875,0.04868785104933818,0.9513121489506619,0.04852120205760002,0.06893899967737502,0.0384540503787082,noise_sweep,adc,0.05,0.1,ideal,,,,,,
tinyvit,V4,V4_hybrid_standard_noise_hat,cifar10,checkpoints/V4_hybrid_standard_noise_hat_best.pt,stages.2.blocks.2.mlp.fc2,AnalogLinear,1570,0.01,0.01,0.04615117389305382,0.9538488261069462,0.04645099118351936,0.023387045472575602,0.9766129545274244,0.02315499261021614,0.06893899967737502,0.0384540503787082,noise_sweep,adc,0.05,0.1,ideal,,,,,,
tinyvit,V4,V4_hybrid_standard_noise_hat,cifar10,checkpoints/V4_hybrid_standard_noise_hat_best.pt,stages.2.blocks.3.attn.qkv,AnalogLinear,1570,0.01,0.01,0.06165029375463914,0.9383497062453608,0.05891461670398712,0.041550570719276265,0.9584494292807237,0.041583623737096786,0.06893899967737502,0.0384540503787082,noise_sweep,adc,0.05,0.1,ideal,,,,,,
tinyvit,V4,V4_hybrid_standard_noise_hat,cifar10,checkpoints/V4_hybrid_standard_noise_hat_best.pt,stages.2.blocks.3.attn.proj,AnalogLinear,1570,0.01,0.01,0.050930877131926025,0.949069122868074,0.050821106880903244,0.035525855978440705,0.9644741440215593,0.03881138190627098,0.06893899967737502,0.0384540503787082,noise_sweep,adc,0.05,0.1,ideal,,,,,,
tinyvit,V4,V4_hybrid_standard_noise_hat,cifar10,checkpoints/V4_hybrid_standard_noise_hat_best.pt,stages.2.blocks.3.mlp.fc1,AnalogLinear,1570,0.01,0.01,0.08381950103553237,0.9161804989644676,0.0697464868426323,0.04994413301016495,0.950055866989835,0.0498485304415226,0.06893899967737502,0.0384540503787082,noise_sweep,adc,0.05,0.1,ideal,,,,,,
tinyvit,V4,V4_hybrid_standard_noise_hat,cifar10,checkpoints/V4_hybrid_standard_noise_hat_best.pt,stages.2.blocks.3.mlp.fc2,AnalogLinear,1570,0.01,0.01,0.041494305984704355,0.9585056940152956,0.0333077535033226,0.020309036547780795,0.9796909634522192,0.020939791575074196,0.06893899967737502,0.0384540503787082,noise_sweep,adc,0.05,0.1,ideal,,,,,,
tinyvit,V4,V4_hybrid_standard_noise_hat,cifar10,checkpoints/V4_hybrid_standard_noise_hat_best.pt,stages.2.blocks.4.attn.qkv,AnalogLinear,1570,0.01,0.01,0.04989453944953004,0.95010546055047,0.04573700204491615,0.03850690120724356,0.9614930987927565,0.039317600429058075,0.06893899967737502,0.0384540503787082,noise_sweep,adc,0.05,0.1,ideal,,,,,,
tinyvit,V4,V4_hybrid_standard_noise_hat,cifar10,checkpoints/V4_hybrid_standard_noise_hat_best.pt,stages.2.blocks.4.attn.proj,AnalogLinear,1570,0.01,0.01,0.0525677166926633,0.9474322833073368,0.04209183529019356,0.03281073630876412,0.9671892636912359,0.03311543166637421,0.06893899967737502,0.0384540503787082,noise_sweep,adc,0.05,0.1,ideal,,,,,,
tinyvit,V4,V4_hybrid_standard_noise_hat,cifar10,checkpoints/V4_hybrid_standard_noise_hat_best.pt,stages.2.blocks.4.mlp.fc1,AnalogLinear,1570,0.01,0.01,0.07721174570263191,0.9227882542973681,0.06494539231061935,0.060718507715945794,0.9392814922840542,0.06216118857264519,0.06893899967737502,0.0384540503787082,noise_sweep,adc,0.05,0.1,ideal,,,,,,
tinyvit,V4,V4_hybrid_standard_noise_hat,cifar10,checkpoints/V4_hybrid_standard_noise_hat_best.pt,stages.2.blocks.4.mlp.fc2,AnalogLinear,1570,0.01,0.01,0.06415243010706963,0.9358475698929304,0.05447075888514519,0.024894725129150662,0.9751052748708493,0.02520228736102581,0.06893899967737502,0.0384540503787082,noise_sweep,adc,0.05,0.1,ideal,,,,,,
tinyvit,V4,V4_hybrid_standard_noise_hat,cifar10,checkpoints/V4_hybrid_standard_noise_hat_best.pt,stages.2.blocks.5.attn.qkv,AnalogLinear,1570,0.01,0.01,0.04810770276672901,0.951892297233271,0.043397240340709686,0.0424394584219357,0.9575605415780643,0.042643893510103226,0.06893899967737502,0.0384540503787082,noise_sweep,adc,0.05,0.1,ideal,,,,,,
tinyvit,V4,V4_hybrid_standard_noise_hat,cifar10,checkpoints/V4_hybrid_standard_noise_hat_best.pt,stages.2.blocks.5.attn.proj,AnalogLinear,1570,0.01,0.01,0.03193975000576988,0.9680602499942301,0.026373164728283882,0.023225994774727685,0.9767740052252724,0.02380022220313549,0.06893899967737502,0.0384540503787082,noise_sweep,adc,0.05,0.1,ideal,,,,,,
tinyvit,V4,V4_hybrid_standard_noise_hat,cifar10,checkpoints/V4_hybrid_standard_noise_hat_best.pt,stages.2.blocks.5.mlp.fc1,AnalogLinear,1570,0.01,0.01,0.09676253973108948,0.9032374602689105,0.0809769555926323,0.0727534377745762,0.9272465622254238,0.07266023010015488,0.06893899967737502,0.0384540503787082,noise_sweep,adc,0.05,0.1,ideal,,,,,,
tinyvit,V4,V4_hybrid_standard_noise_hat,cifar10,checkpoints/V4_hybrid_standard_noise_hat_best.pt,stages.2.blocks.5.mlp.fc2,AnalogLinear,1570,0.01,0.01,0.002368172449816113,0.9976318275501839,0.0018768932204693556,0.0024091472452547947,0.9975908527547452,0.00222865492105484,0.06893899967737502,0.0384540503787082,noise_sweep,adc,0.05,0.1,ideal,,,,,,
tinyvit,V4,V4_hybrid_standard_noise_hat,cifar10,checkpoints/V4_hybrid_standard_noise_hat_best.pt,stages.3.blocks.0.attn.qkv,AnalogLinear,1570,0.01,0.01,0.1127224705116764,0.8872775294883236,0.09779176861047745,0.07930870383123684,0.9206912961687632,0.08205515891313553,0.06893899967737502,0.0384540503787082,noise_sweep,adc,0.05,0.1,ideal,,,,,,
tinyvit,V4,V4_hybrid_standard_noise_hat,cifar10,checkpoints/V4_hybrid_standard_noise_hat_best.pt,stages.3.blocks.0.attn.proj,AnalogLinear,1570,0.01,0.01,0.06352917329900584,0.9364708267009941,0.05911192297935486,0.03900044667920109,0.9609995533207989,0.042338963598012924,0.06893899967737502,0.0384540503787082,noise_sweep,adc,0.05,0.1,ideal,,,,,,
tinyvit,V4,V4_hybrid_standard_noise_hat,cifar10,checkpoints/V4_hybrid_standard_noise_hat_best.pt,stages.3.blocks.0.mlp.fc1,AnalogLinear,1570,0.01,0.01,0.22751859590695922,0.7724814040930408,0.2416653335094452,0.09401126986571179,0.9059887301342882,0.09695471823215485,0.06893899967737502,0.0384540503787082,noise_sweep,adc,0.05,0.1,ideal,,,,,,
tinyvit,V4,V4_hybrid_standard_noise_hat,cifar10,checkpoints/V4_hybrid_standard_noise_hat_best.pt,stages.3.blocks.0.mlp.fc2,AnalogLinear,1570,0.01,0.01,0.19745550477390836,0.8025444952260916,0.1650221198797226,0.021928329167851975,0.9780716708321481,0.02262037619948387,0.06893899967737502,0.0384540503787082,noise_sweep,adc,0.05,0.1,ideal,,,,,,
tinyvit,V4,V4_hybrid_standard_noise_hat,cifar10,checkpoints/V4_hybrid_standard_noise_hat_best.pt,stages.3.blocks.1.attn.qkv,AnalogLinear,1570,0.01,0.01,0.0514155398959377,0.9485844601040623,0.0466916449368,0.04882664974707707,0.9511733502529229,0.048608895391225815,0.06893899967737502,0.0384540503787082,noise_sweep,adc,0.05,0.1,ideal,,,,,,
tinyvit,V4,V4_hybrid_standard_noise_hat,cifar10,checkpoints/V4_hybrid_standard_noise_hat_best.pt,stages.3.blocks.1.attn.proj,AnalogLinear,1570,0.01,0.01,0.03360181254969471,0.9663981874503053,0.03182397782802582,0.01476063238587349,0.9852393676141266,0.013771523721516132,0.06893899967737502,0.0384540503787082,noise_sweep,adc,0.05,0.1,ideal,,,,,,
tinyvit,V4,V4_hybrid_standard_noise_hat,cifar10,checkpoints/V4_hybrid_standard_noise_hat_best.pt,stages.3.blocks.1.mlp.fc1,AnalogLinear,1570,0.01,0.01,0.06316841523975704,0.936831584760243,0.06955516338348389,0.04930094137170892,0.9506990586282911,0.048329874873161316,0.06893899967737502,0.0384540503787082,noise_sweep,adc,0.05,0.1,ideal,,,,,,
tinyvit,V4,V4_hybrid_standard_noise_hat,cifar10,checkpoints/V4_hybrid_standard_noise_hat_best.pt,stages.3.blocks.1.mlp.fc2,AnalogLinear,1570,0.01,0.01,0.10414381799804177,0.8958561820019583,0.09906827658414841,0.01588156484660639,0.9841184351533936,0.01633051596581936,0.06893899967737502,0.0384540503787082,noise_sweep,adc,0.05,0.1,ideal,,,,,,
tinyvit,V4,V4_hybrid_standard_noise_hat,cifar10,checkpoints/V4_hybrid_standard_noise_hat_best.pt,patch_embed.conv1.conv,AnalogConv2d,1570,0.01,0.01,0.01707910358383777,0.9829208964161622,0.017172053456306458,0.005696084205013741,0.9943039157949862,0.005739795975387096,0.049086156090657085,0.03493505416009044,device_comparison,,,,,Organic Pessimistic,Organic Pessimistic,,,,
tinyvit,V4,V4_hybrid_standard_noise_hat,cifar10,checkpoints/V4_hybrid_standard_noise_hat_best.pt,patch_embed.conv2.conv,AnalogConv2d,1570,0.01,0.01,0.11073019198456388,0.8892698080154361,0.11012843996286392,0.026279206234653286,0.9737207937653467,0.02577287331223488,0.049086156090657085,0.03493505416009044,device_comparison,,,,,Organic Pessimistic,Organic Pessimistic,,,,
tinyvit,V4,V4_hybrid_standard_noise_hat,cifar10,checkpoints/V4_hybrid_standard_noise_hat_best.pt,stages.1.blocks.0.attn.qkv,AnalogLinear,1570,0.01,0.01,0.10125849391244779,0.8987415060875522,0.09354633837938309,0.08181820874381217,0.9181817912561878,0.08065110445022583,0.049086156090657085,0.03493505416009044,device_comparison,,,,,Organic Pessimistic,Organic Pessimistic,,,,
tinyvit,V4,V4_hybrid_standard_noise_hat,cifar10,checkpoints/V4_hybrid_standard_noise_hat_best.pt,stages.1.blocks.0.attn.proj,AnalogLinear,1570,0.01,0.01,0.0376678123785432,0.9623321876214568,0.035817671567201614,0.02881659189488288,0.9711834081051172,0.029069550335407257,0.049086156090657085,0.03493505416009044,device_comparison,,,,,Organic Pessimistic,Organic Pessimistic,,,,
tinyvit,V4,V4_hybrid_standard_noise_hat,cifar10,checkpoints/V4_hybrid_standard_noise_hat_best.pt,stages.1.blocks.0.mlp.fc1,AnalogLinear,1570,0.01,0.01,0.10859185373232623,0.8914081462676737,0.09456774592399597,0.057832802227063544,0.9421671977729364,0.0573599673807621,0.049086156090657085,0.03493505416009044,device_comparison,,,,,Organic Pessimistic,Organic Pessimistic,,,,
tinyvit,V4,V4_hybrid_standard_noise_hat,cifar10,checkpoints/V4_hybrid_standard_noise_hat_best.pt,stages.1.blocks.0.mlp.fc2,AnalogLinear,1570,0.01,0.01,0.07576428359955739,0.9242357164004427,0.07346172630786896,0.025424156750843023,0.974575843249157,0.025056643411517143,0.049086156090657085,0.03493505416009044,device_comparison,,,,,Organic Pessimistic,Organic Pessimistic,,,,
tinyvit,V4,V4_hybrid_standard_noise_hat,cifar10,checkpoints/V4_hybrid_standard_noise_hat_best.pt,stages.1.blocks.1.attn.qkv,AnalogLinear,1570,0.01,0.01,0.05145967484327259,0.9485403251567274,0.0465829037129879,0.03997975361005516,0.9600202463899449,0.04020659625530243,0.049086156090657085,0.03493505416009044,device_comparison,,,,,Organic Pessimistic,Organic Pessimistic,,,,
tinyvit,V4,V4_hybrid_standard_noise_hat,cifar10,checkpoints/V4_hybrid_standard_noise_hat_best.pt,stages.1.blocks.1.attn.proj,AnalogLinear,1570,0.01,0.01,0.03516430156957951,0.9648356984304205,0.03686024993658066,0.025308268183877894,0.9746917318161221,0.026446282863616943,0.049086156090657085,0.03493505416009044,device_comparison,,,,,Organic Pessimistic,Organic Pessimistic,,,,
tinyvit,V4,V4_hybrid_standard_noise_hat,cifar10,checkpoints/V4_hybrid_standard_noise_hat_best.pt,stages.1.blocks.1.mlp.fc1,AnalogLinear,1570,0.01,0.01,0.07407223825953949,0.9259277617404605,0.06640063971281052,0.039520397025403706,0.9604796029745963,0.039329685270786285,0.049086156090657085,0.03493505416009044,device_comparison,,,,,Organic Pessimistic,Organic Pessimistic,,,,
tinyvit,V4,V4_hybrid_standard_noise_hat,cifar10,checkpoints/V4_hybrid_standard_noise_hat_best.pt,stages.1.blocks.1.mlp.fc2,AnalogLinear,1570,0.01,0.01,0.018150962380229667,0.9818490376197704,0.01897835172712803,0.009256477870497925,0.9907435221295021,0.00964339915663004,0.049086156090657085,0.03493505416009044,device_comparison,,,,,Organic Pessimistic,Organic Pessimistic,,,,
tinyvit,V4,V4_hybrid_standard_noise_hat,cifar10,checkpoints/V4_hybrid_standard_noise_hat_best.pt,stages.2.blocks.0.attn.qkv,AnalogLinear,1570,0.01,0.01,0.07620882091533607,0.9237911790846639,0.07429447770118713,0.06468189839439786,0.9353181016056021,0.06326131522655487,0.049086156090657085,0.03493505416009044,device_comparison,,,,,Organic Pessimistic,Organic Pessimistic,,,,
tinyvit,V4,V4_hybrid_standard_noise_hat,cifar10,checkpoints/V4_hybrid_standard_noise_hat_best.pt,stages.2.blocks.0.attn.proj,AnalogLinear,1570,0.01,0.01,0.02600929805902159,0.9739907019409784,0.021039938554167747,0.01288395841801717,0.9871160415819829,0.010261877439916134,0.049086156090657085,0.03493505416009044,device_comparison,,,,,Organic Pessimistic,Organic Pessimistic,,,,
tinyvit,V4,V4_hybrid_standard_noise_hat,cifar10,checkpoints/V4_hybrid_standard_noise_hat_best.pt,stages.2.blocks.0.mlp.fc1,AnalogLinear,1570,0.01,0.01,0.04322888691239296,0.9567711130876071,0.04190050810575485,0.04066081389927181,0.9593391861007282,0.041011638939380646,0.049086156090657085,0.03493505416009044,device_comparison,,,,,Organic Pessimistic,Organic Pessimistic,,,,
tinyvit,V4,V4_hybrid_standard_noise_hat,cifar10,checkpoints/V4_hybrid_standard_noise_hat_best.pt,stages.2.blocks.0.mlp.fc2,AnalogLinear,1570,0.01,0.01,0.04418109713988319,0.9558189028601168,0.044675737619400024,0.022004276873531993,0.977995723126468,0.02225266955792904,0.049086156090657085,0.03493505416009044,device_comparison,,,,,Organic Pessimistic,Organic Pessimistic,,,,
tinyvit,V4,V4_hybrid_standard_noise_hat,cifar10,checkpoints/V4_hybrid_standard_noise_hat_best.pt,stages.2.blocks.1.attn.qkv,AnalogLinear,1570,0.01,0.01,0.045786650035126955,0.9542133499648731,0.039680324494838715,0.03814699734282342,0.9618530026571765,0.03851841390132904,0.049086156090657085,0.03493505416009044,device_comparison,,,,,Organic Pessimistic,Organic Pessimistic,,,,
tinyvit,V4,V4_hybrid_standard_noise_hat,cifar10,checkpoints/V4_hybrid_standard_noise_hat_best.pt,stages.2.blocks.1.attn.proj,AnalogLinear,1570,0.01,0.01,0.026715908191243934,0.9732840918087561,0.031074615195393562,0.017453976193217525,0.9825460238067825,0.019166532903909683,0.049086156090657085,0.03493505416009044,device_comparison,,,,,Organic Pessimistic,Organic Pessimistic,,,,
tinyvit,V4,V4_hybrid_standard_noise_hat,cifar10,checkpoints/V4_hybrid_standard_noise_hat_best.pt,stages.2.blocks.1.mlp.fc1,AnalogLinear,1570,0.01,0.01,0.04617518174705232,0.9538248182529476,0.040523357689380646,0.0406161180371122,0.9593838819628878,0.03898078575730324,0.049086156090657085,0.03493505416009044,device_comparison,,,,,Organic Pessimistic,Organic Pessimistic,,,,
tinyvit,V4,V4_hybrid_standard_noise_hat,cifar10,checkpoints/V4_hybrid_standard_noise_hat_best.pt,stages.2.blocks.1.mlp.fc2,AnalogLinear,1570,0.01,0.01,0.04207956037798505,0.9579204396220149,0.040484990924596786,0.019862848312659248,0.9801371516873407,0.020396701991558075,0.049086156090657085,0.03493505416009044,device_comparison,,,,,Organic Pessimistic,Organic Pessimistic,,,,
tinyvit,V4,V4_hybrid_standard_noise_hat,cifar10,checkpoints/V4_hybrid_standard_noise_hat_best.pt,stages.2.blocks.2.attn.qkv,AnalogLinear,1570,0.01,0.01,0.044339218916027406,0.9556607810839726,0.03883729130029678,0.032947578201675494,0.9670524217983245,0.03339843451976776,0.049086156090657085,0.03493505416009044,device_comparison,,,,,Organic Pessimistic,Organic Pessimistic,,,,
tinyvit,V4,V4_hybrid_standard_noise_hat,cifar10,checkpoints/V4_hybrid_standard_noise_hat_best.pt,stages.2.blocks.2.attn.proj,AnalogLinear,1570,0.01,0.01,0.031318822319198185,0.9686811776808019,0.021956712007522583,0.0192392467532995,0.9807607532467005,0.014387356117367744,0.049086156090657085,0.03493505416009044,device_comparison,,,,,Organic Pessimistic,Organic Pessimistic,,,,
tinyvit,V4,V4_hybrid_standard_noise_hat,cifar10,checkpoints/V4_hybrid_standard_noise_hat_best.pt,stages.2.blocks.2.mlp.fc1,AnalogLinear,1570,0.01,0.01,0.046962579484483236,0.9530374205155168,0.04633290693163872,0.04921585358442015,0.9507841464155798,0.05072345212101936,0.049086156090657085,0.03493505416009044,device_comparison,,,,,Organic Pessimistic,Organic Pessimistic,,,,
tinyvit,V4,V4_hybrid_standard_noise_hat,cifar10,checkpoints/V4_hybrid_standard_noise_hat_best.pt,stages.2.blocks.2.mlp.fc2,AnalogLinear,1570,0.01,0.01,0.049340242005077896,0.9506597579949221,0.048486825078725815,0.025774564133707885,0.9742254358662921,0.025975067168474197,0.049086156090657085,0.03493505416009044,device_comparison,,,,,Organic Pessimistic,Organic Pessimistic,,,,
tinyvit,V4,V4_hybrid_standard_noise_hat,cifar10,checkpoints/V4_hybrid_standard_noise_hat_best.pt,stages.2.blocks.3.attn.qkv,AnalogLinear,1570,0.01,0.01,0.044178810029937204,0.9558211899700628,0.04503148794174194,0.03930926151621114,0.9606907384837888,0.03706752136349678,0.049086156090657085,0.03493505416009044,device_comparison,,,,,Organic Pessimistic,Organic Pessimistic,,,,
tinyvit,V4,V4_hybrid_standard_noise_hat,cifar10,checkpoints/V4_hybrid_standard_noise_hat_best.pt,stages.2.blocks.3.attn.proj,AnalogLinear,1570,0.01,0.01,0.029989469875907823,0.9700105301240922,0.025065766647458076,0.01841774992526147,0.9815822500747385,0.014841756783425808,0.049086156090657085,0.03493505416009044,device_comparison,,,,,Organic Pessimistic,Organic Pessimistic,,,,
tinyvit,V4,V4_hybrid_standard_noise_hat,cifar10,checkpoints/V4_hybrid_standard_noise_hat_best.pt,stages.2.blocks.3.mlp.fc1,AnalogLinear,1570,0.01,0.01,0.05691920471893754,0.9430807952810625,0.06472416967153549,0.048707731089489475,0.9512922689105106,0.05065568909049034,0.049086156090657085,0.03493505416009044,device_comparison,,,,,Organic Pessimistic,Organic Pessimistic,,,,
tinyvit,V4,V4_hybrid_standard_noise_hat,cifar10,checkpoints/V4_hybrid_standard_noise_hat_best.pt,stages.2.blocks.3.mlp.fc2,AnalogLinear,1570,0.01,0.01,0.03812718270643122,0.9618728172935688,0.039151184260845184,0.024963120276191433,0.9750368797238086,0.02586495503783226,0.049086156090657085,0.03493505416009044,device_comparison,,,,,Organic Pessimistic,Organic Pessimistic,,,,
tinyvit,V4,V4_hybrid_standard_noise_hat,cifar10,checkpoints/V4_hybrid_standard_noise_hat_best.pt,stages.2.blocks.4.attn.qkv,AnalogLinear,1570,0.01,0.01,0.0416376743441934,0.9583623256558066,0.04117506369948387,0.03941674783683507,0.960583252163165,0.04024035111069679,0.049086156090657085,0.03493505416009044,device_comparison,,,,,Organic Pessimistic,Organic Pessimistic,,,,
tinyvit,V4,V4_hybrid_standard_noise_hat,cifar10,checkpoints/V4_hybrid_standard_noise_hat_best.pt,stages.2.blocks.4.attn.proj,AnalogLinear,1570,0.01,0.01,0.027491218239591,0.972508781760409,0.03457628935575485,0.022099228533115356,0.9779007714668846,0.026405053213238716,0.049086156090657085,0.03493505416009044,device_comparison,,,,,Organic Pessimistic,Organic Pessimistic,,,,
tinyvit,V4,V4_hybrid_standard_noise_hat,cifar10,checkpoints/V4_hybrid_standard_noise_hat_best.pt,stages.2.blocks.4.mlp.fc1,AnalogLinear,1570,0.01,0.01,0.05532995495162192,0.944670045048378,0.055743779987096786,0.06211042146726399,0.937889578532736,0.06776347011327744,0.049086156090657085,0.03493505416009044,device_comparison,,,,,Organic Pessimistic,Organic Pessimistic,,,,
tinyvit,V4,V4_hybrid_standard_noise_hat,cifar10,checkpoints/V4_hybrid_standard_noise_hat_best.pt,stages.2.blocks.4.mlp.fc2,AnalogLinear,1570,0.01,0.01,0.05830570365403109,0.9416942963459689,0.0545743964612484,0.021778630325274103,0.978221369674726,0.022252172231674194,0.049086156090657085,0.03493505416009044,device_comparison,,,,,Organic Pessimistic,Organic Pessimistic,,,,
tinyvit,V4,V4_hybrid_standard_noise_hat,cifar10,checkpoints/V4_hybrid_standard_noise_hat_best.pt,stages.2.blocks.5.attn.qkv,AnalogLinear,1570,0.01,0.01,0.043187429689487834,0.9568125703105121,0.03480947017669678,0.04055337110047887,0.9594466288995211,0.03786870092153549,0.049086156090657085,0.03493505416009044,device_comparison,,,,,Organic Pessimistic,Organic Pessimistic,,,,
tinyvit,V4,V4_hybrid_standard_noise_hat,cifar10,checkpoints/V4_hybrid_standard_noise_hat_best.pt,stages.2.blocks.5.attn.proj,AnalogLinear,1570,0.01,0.01,0.02813125318746753,0.9718687468125324,0.02605428732931614,0.01811347924422022,0.9818865207557798,0.019728554412722588,0.049086156090657085,0.03493505416009044,device_comparison,,,,,Organic Pessimistic,Organic Pessimistic,,,,
tinyvit,V4,V4_hybrid_standard_noise_hat,cifar10,checkpoints/V4_hybrid_standard_noise_hat_best.pt,stages.2.blocks.5.mlp.fc1,AnalogLinear,1570,0.01,0.01,0.06867031056647467,0.9313296894335253,0.06975645571947098,0.06619596216756447,0.9338040378324355,0.06972257047891617,0.049086156090657085,0.03493505416009044,device_comparison,,,,,Organic Pessimistic,Organic Pessimistic,,,,
tinyvit,V4,V4_hybrid_standard_noise_hat,cifar10,checkpoints/V4_hybrid_standard_noise_hat_best.pt,stages.2.blocks.5.mlp.fc2,AnalogLinear,1570,0.01,0.01,0.004988106699055357,0.9950118933009446,0.005364616401493549,0.005868467815801691,0.9941315321841984,0.006562898401170969,0.049086156090657085,0.03493505416009044,device_comparison,,,,,Organic Pessimistic,Organic Pessimistic,,,,
tinyvit,V4,V4_hybrid_standard_noise_hat,cifar10,checkpoints/V4_hybrid_standard_noise_hat_best.pt,stages.3.blocks.0.attn.qkv,AnalogLinear,1570,0.01,0.01,0.05823532749370784,0.9417646725062921,0.05532923713326454,0.07705633797368426,0.9229436620263157,0.07493223249912262,0.049086156090657085,0.03493505416009044,device_comparison,,,,,Organic Pessimistic,Organic Pessimistic,,,,
tinyvit,V4,V4_hybrid_standard_noise_hat,cifar10,checkpoints/V4_hybrid_standard_noise_hat_best.pt,stages.3.blocks.0.attn.proj,AnalogLinear,1570,0.01,0.01,0.02745124557571616,0.9725487544242838,0.031497128307819366,0.02052427343668262,0.9794757265633174,0.02350127510726452,0.049086156090657085,0.03493505416009044,device_comparison,,,,,Organic Pessimistic,Organic Pessimistic,,,,
tinyvit,V4,V4_hybrid_standard_noise_hat,cifar10,checkpoints/V4_hybrid_standard_noise_hat_best.pt,stages.3.blocks.0.mlp.fc1,AnalogLinear,1570,0.01,0.01,0.09765803499776086,0.9023419650022392,0.089285708963871,0.09174797310001531,0.9082520268999847,0.09290098398923874,0.049086156090657085,0.03493505416009044,device_comparison,,,,,Organic Pessimistic,Organic Pessimistic,,,,
tinyvit,V4,V4_hybrid_standard_noise_hat,cifar10,checkpoints/V4_hybrid_standard_noise_hat_best.pt,stages.3.blocks.0.mlp.fc2,AnalogLinear,1570,0.01,0.01,0.06673978005245233,0.9332602199475477,0.06452786177396774,0.02185515711783983,0.9781448428821602,0.021739475429058075,0.049086156090657085,0.03493505416009044,device_comparison,,,,,Organic Pessimistic,Organic Pessimistic,,,,
tinyvit,V4,V4_hybrid_standard_noise_hat,cifar10,checkpoints/V4_hybrid_standard_noise_hat_best.pt,stages.3.blocks.1.attn.qkv,AnalogLinear,1570,0.01,0.01,0.041016568305196274,0.9589834316948037,0.042964763939380646,0.0470296910044494,0.9529703089955506,0.049270566552877426,0.049086156090657085,0.03493505416009044,device_comparison,,,,,Organic Pessimistic,Organic Pessimistic,,,,
tinyvit,V4,V4_hybrid_standard_noise_hat,cifar10,checkpoints/V4_hybrid_standard_noise_hat_best.pt,stages.3.blocks.1.attn.proj,AnalogLinear,1570,0.01,0.01,0.026807663864367136,0.9731923361356328,0.019850127398967743,0.017826724330639573,0.9821732756693604,0.013915018178522587,0.049086156090657085,0.03493505416009044,device_comparison,,,,,Organic Pessimistic,Organic Pessimistic,,,,
tinyvit,V4,V4_hybrid_standard_noise_hat,cifar10,checkpoints/V4_hybrid_standard_noise_hat_best.pt,stages.3.blocks.1.mlp.fc1,AnalogLinear,1570,0.01,0.01,0.043116864374583695,0.9568831356254163,0.043773915618658066,0.03961940230505102,0.960380597694949,0.03909837082028389,0.049086156090657085,0.03493505416009044,device_comparison,,,,,Organic Pessimistic,Organic Pessimistic,,,,
tinyvit,V4,V4_hybrid_standard_noise_hat,cifar10,checkpoints/V4_hybrid_standard_noise_hat_best.pt,stages.3.blocks.1.mlp.fc2,AnalogLinear,1570,0.01,0.01,0.0513515701339503,0.9486484298660497,0.0476512648165226,0.020658467267491636,0.9793415327325083,0.020490871742367744,0.049086156090657085,0.03493505416009044,device_comparison,,,,,Organic Pessimistic,Organic Pessimistic,,,,
convnext,C4,C4_4bit_noise_HAT,cifar10,checkpoints/C4_4bit_noise_HAT_best.pt,features.0.0,AnalogConv2d,790,0.01,0.01,0.016531256699486623,0.9834687433005134,0.0167643241584301,0.005493743645758191,0.9945062563542418,0.0053304038010537624,0.5090575344890458,0.41268137377563446,device_comparison,,,,,Organic Pessimistic,Organic Pessimistic,,,,
convnext,C4,C4_4bit_noise_HAT,cifar10,checkpoints/C4_4bit_noise_HAT_best.pt,features.1.0.block.3,AnalogLinear,790,0.01,0.01,0.2872410758763929,0.7127589241236071,0.25161489844322205,0.28048426305191426,0.7195157369480858,0.27949780225753784,0.5090575344890458,0.41268137377563446,device_comparison,,,,,Organic Pessimistic,Organic Pessimistic,,,,
convnext,C4,C4_4bit_noise_HAT,cifar10,checkpoints/C4_4bit_noise_HAT_best.pt,features.1.0.block.5,AnalogLinear,790,0.01,0.01,0.14875475699199905,0.851245243008001,0.1357339322566986,0.023000128260707554,0.9769998717392925,0.0226287841796875,0.5090575344890458,0.41268137377563446,device_comparison,,,,,Organic Pessimistic,Organic Pessimistic,,,,
convnext,C4,C4_4bit_noise_HAT,cifar10,checkpoints/C4_4bit_noise_HAT_best.pt,features.1.1.block.3,AnalogLinear,790,0.01,0.01,0.16864192814012116,0.8313580718598789,0.15434011816978455,0.11137919922040988,0.8886208007795902,0.11072540283203125,0.5090575344890458,0.41268137377563446,device_comparison,,,,,Organic Pessimistic,Organic Pessimistic,,,,
convnext,C4,C4_4bit_noise_HAT,cifar10,checkpoints/C4_4bit_noise_HAT_best.pt,features.1.1.block.5,AnalogLinear,790,0.01,0.01,0.47533572757545905,0.524664272424541,0.484881728887558,0.2549140869628025,0.7450859130371975,0.2645842432975769,0.5090575344890458,0.41268137377563446,device_comparison,,,,,Organic Pessimistic,Organic Pessimistic,,,,
convnext,C4,C4_4bit_noise_HAT,cifar10,checkpoints/C4_4bit_noise_HAT_best.pt,features.1.2.block.3,AnalogLinear,790,0.01,0.01,0.08164440419854997,0.91835559580145,0.07283782958984375,0.08097579660294932,0.9190242033970507,0.08134206384420395,0.5090575344890458,0.41268137377563446,device_comparison,,,,,Organic Pessimistic,Organic Pessimistic,,,,
convnext,C4,C4_4bit_noise_HAT,cifar10,checkpoints/C4_4bit_noise_HAT_best.pt,features.1.2.block.5,AnalogLinear,790,0.01,0.01,0.5662216895743262,0.43377831042567383,0.5390536189079285,0.33035915011092076,0.6696408498890792,0.3387947082519531,0.5090575344890458,0.41268137377563446,device_comparison,,,,,Organic Pessimistic,Organic Pessimistic,,,,
convnext,C4,C4_4bit_noise_HAT,cifar10,checkpoints/C4_4bit_noise_HAT_best.pt,features.2.1,AnalogConv2d,790,0.01,0.01,0.07941180734506137,0.9205881926549386,0.06851959228515625,0.09041084303886075,0.9095891569611393,0.08989715576171875,0.5090575344890458,0.41268137377563446,device_comparison,,,,,Organic Pessimistic,Organic Pessimistic,,,,
convnext,C4,C4_4bit_noise_HAT,cifar10,checkpoints/C4_4bit_noise_HAT_best.pt,features.3.0.block.3,AnalogLinear,790,0.01,0.01,0.0514881066506422,0.9485118933493578,0.0485280379652977,0.05620664319943024,0.9437933568005697,0.056304931640625,0.5090575344890458,0.41268137377563446,device_comparison,,,,,Organic Pessimistic,Organic Pessimistic,,,,
convnext,C4,C4_4bit_noise_HAT,cifar10,checkpoints/C4_4bit_noise_HAT_best.pt,features.3.0.block.5,AnalogLinear,790,0.01,0.01,0.8439991692198983,0.15600083078010174,0.8442840576171875,0.662850325696076,0.33714967430392395,0.6639976501464844,0.5090575344890458,0.41268137377563446,device_comparison,,,,,Organic Pessimistic,Organic Pessimistic,,,,
convnext,C4,C4_4bit_noise_HAT,cifar10,checkpoints/C4_4bit_noise_HAT_best.pt,features.3.1.block.3,AnalogLinear,790,0.01,0.01,0.056815939821019956,0.94318406017898,0.0450998954474926,0.053645179496158525,0.9463548205038415,0.053619384765625,0.5090575344890458,0.41268137377563446,device_comparison,,,,,Organic Pessimistic,Organic Pessimistic,,,,
convnext,C4,C4_4bit_noise_HAT,cifar10,checkpoints/C4_4bit_noise_HAT_best.pt,features.3.1.block.5,AnalogLinear,790,0.01,0.01,0.8456942337223247,0.15430576627767534,0.8362516164779663,0.7006478913977177,0.29935210860228234,0.6994247436523438,0.5090575344890458,0.41268137377563446,device_comparison,,,,,Organic Pessimistic,Organic Pessimistic,,,,
convnext,C4,C4_4bit_noise_HAT,cifar10,checkpoints/C4_4bit_noise_HAT_best.pt,features.3.2.block.3,AnalogLinear,790,0.01,0.01,0.06961133049070081,0.9303886695092992,0.0618387870490551,0.06556711485491523,0.9344328851450847,0.0652516707777977,0.5090575344890458,0.41268137377563446,device_comparison,,,,,Organic Pessimistic,Organic Pessimistic,,,,
convnext,C4,C4_4bit_noise_HAT,cifar10,checkpoints/C4_4bit_noise_HAT_best.pt,features.3.2.block.5,AnalogLinear,790,0.01,0.01,0.8212532186809974,0.17874678131900257,0.8083724975585938,0.6501852605916276,0.3498147394083724,0.6544227600097656,0.5090575344890458,0.41268137377563446,device_comparison,,,,,Organic Pessimistic,Organic Pessimistic,,,,
convnext,C4,C4_4bit_noise_HAT,cifar10,checkpoints/C4_4bit_noise_HAT_best.pt,features.4.1,AnalogConv2d,790,0.01,0.01,0.1195248741515075,0.8804751258484925,0.1112111434340477,0.07364604890912393,0.926353951090876,0.0743255615234375,0.5090575344890458,0.41268137377563446,device_comparison,,,,,Organic Pessimistic,Organic Pessimistic,,,,
convnext,C4,C4_4bit_noise_HAT,cifar10,checkpoints/C4_4bit_noise_HAT_best.pt,features.5.0.block.3,AnalogLinear,790,0.01,0.01,0.21101124277220495,0.788988757227795,0.2208658903837204,0.17699976122077507,0.8230002387792249,0.1738077849149704,0.5090575344890458,0.41268137377563446,device_comparison,,,,,Organic Pessimistic,Organic Pessimistic,,,,
convnext,C4,C4_4bit_noise_HAT,cifar10,checkpoints/C4_4bit_noise_HAT_best.pt,features.5.0.block.5,AnalogLinear,790,0.01,0.01,0.8796420626247985,0.1203579373752015,0.8702418208122253,0.760605686752102,0.23939431324789795,0.7668177485466003,0.5090575344890458,0.41268137377563446,device_comparison,,,,,Organic Pessimistic,Organic Pessimistic,,,,
convnext,C4,C4_4bit_noise_HAT,cifar10,checkpoints/C4_4bit_noise_HAT_best.pt,features.5.1.block.3,AnalogLinear,790,0.01,0.01,0.1903533357985412,0.8096466642014588,0.160736083984375,0.14338180788710148,0.8566181921128986,0.1410726010799408,0.5090575344890458,0.41268137377563446,device_comparison,,,,,Organic Pessimistic,Organic Pessimistic,,,,
convnext,C4,C4_4bit_noise_HAT,cifar10,checkpoints/C4_4bit_noise_HAT_best.pt,features.5.1.block.5,AnalogLinear,790,0.01,0.01,0.8985647424866882,0.10143525751331184,0.8947372436523438,0.7865570090994051,0.21344299090059493,0.7858022451400757,0.5090575344890458,0.41268137377563446,device_comparison,,,,,Organic Pessimistic,Organic Pessimistic,,,,
convnext,C4,C4_4bit_noise_HAT,cifar10,checkpoints/C4_4bit_noise_HAT_best.pt,features.5.2.block.3,AnalogLinear,790,0.01,0.01,0.31549488539937176,0.6845051146006282,0.3137715756893158,0.24338631171591674,0.7566136882840833,0.2423095703125,0.5090575344890458,0.41268137377563446,device_comparison,,,,,Organic Pessimistic,Organic Pessimistic,,,,
convnext,C4,C4_4bit_noise_HAT,cifar10,checkpoints/C4_4bit_noise_HAT_best.pt,features.5.2.block.5,AnalogLinear,790,0.01,0.01,0.9286746065827864,0.07132539341721356,0.9214019775390625,0.8446678246123881,0.1553321753876119,0.842864990234375,0.5090575344890458,0.41268137377563446,device_comparison,,,,,Organic Pessimistic,Organic Pessimistic,,,,
convnext,C4,C4_4bit_noise_HAT,cifar10,checkpoints/C4_4bit_noise_HAT_best.pt,features.5.3.block.3,AnalogLinear,790,0.01,0.01,0.2936896988485433,0.7063103011514567,0.2551473081111908,0.2490813544656657,0.7509186455343343,0.2459818571805954,0.5090575344890458,0.41268137377563446,device_comparison,,,,,Organic Pessimistic,Organic Pessimistic,,,,
convnext,C4,C4_4bit_noise_HAT,cifar10,checkpoints/C4_4bit_noise_HAT_best.pt,features.5.3.block.5,AnalogLinear,790,0.01,0.01,0.8562768832792209,0.1437231167207791,0.8330561518669128,0.7065614448317998,0.29343855516820017,0.6931813955307007,0.5090575344890458,0.41268137377563446,device_comparison,,,,,Organic Pessimistic,Organic Pessimistic,,,,
convnext,C4,C4_4bit_noise_HAT,cifar10,checkpoints/C4_4bit_noise_HAT_best.pt,features.5.4.block.3,AnalogLinear,790,0.01,0.01,0.38713780992393254,0.6128621900760675,0.35931396484375,0.27909589417373076,0.7209041058262693,0.2762247920036316,0.5090575344890458,0.41268137377563446,device_comparison,,,,,Organic Pessimistic,Organic Pessimistic,,,,
convnext,C4,C4_4bit_noise_HAT,cifar10,checkpoints/C4_4bit_noise_HAT_best.pt,features.5.4.block.5,AnalogLinear,790,0.01,0.01,0.8622447064405755,0.1377552935594245,0.8588027954101562,0.7302742624584633,0.2697257375415367,0.7309214472770691,0.5090575344890458,0.41268137377563446,device_comparison,,,,,Organic Pessimistic,Organic Pessimistic,,,,
convnext,C4,C4_4bit_noise_HAT,cifar10,checkpoints/C4_4bit_noise_HAT_best.pt,features.5.5.block.3,AnalogLinear,790,0.01,0.01,0.3935538218745702,0.6064461781254298,0.3798014521598816,0.31986090759687785,0.6801390924031221,0.319854736328125,0.5090575344890458,0.41268137377563446,device_comparison,,,,,Organic Pessimistic,Organic Pessimistic,,,,
convnext,C4,C4_4bit_noise_HAT,cifar10,checkpoints/C4_4bit_noise_HAT_best.pt,features.5.5.block.5,AnalogLinear,790,0.01,0.01,0.822017748597302,0.17798225140269797,0.7949142456054688,0.6248662956907779,0.3751337043092221,0.6222381591796875,0.5090575344890458,0.41268137377563446,device_comparison,,,,,Organic Pessimistic,Organic Pessimistic,,,,
convnext,C4,C4_4bit_noise_HAT,cifar10,checkpoints/C4_4bit_noise_HAT_best.pt,features.5.6.block.3,AnalogLinear,790,0.01,0.01,0.4548244186217272,0.5451755813782728,0.49542236328125,0.37238563065287433,0.6276143693471257,0.372528076171875,0.5090575344890458,0.41268137377563446,device_comparison,,,,,Organic Pessimistic,Organic Pessimistic,,,,
convnext,C4,C4_4bit_noise_HAT,cifar10,checkpoints/C4_4bit_noise_HAT_best.pt,features.5.6.block.5,AnalogLinear,790,0.01,0.01,0.8205610208873507,0.17943897911264928,0.806640625,0.6189780246607864,0.38102197533921356,0.6291122436523438,0.5090575344890458,0.41268137377563446,device_comparison,,,,,Organic Pessimistic,Organic Pessimistic,,,,
convnext,C4,C4_4bit_noise_HAT,cifar10,checkpoints/C4_4bit_noise_HAT_best.pt,features.5.7.block.3,AnalogLinear,790,0.01,0.01,0.4055096593461459,0.5944903406538541,0.3850199580192566,0.3275143816501279,0.6724856183498721,0.3290507197380066,0.5090575344890458,0.41268137377563446,device_comparison,,,,,Organic Pessimistic,Organic Pessimistic,,,,
convnext,C4,C4_4bit_noise_HAT,cifar10,checkpoints/C4_4bit_noise_HAT_best.pt,features.5.7.block.5,AnalogLinear,790,0.01,0.01,0.7905610684352585,0.20943893156474147,0.8024851679801941,0.5585229098796844,0.44147709012031555,0.5690333247184753,0.5090575344890458,0.41268137377563446,device_comparison,,,,,Organic Pessimistic,Organic Pessimistic,,,,
convnext,C4,C4_4bit_noise_HAT,cifar10,checkpoints/C4_4bit_noise_HAT_best.pt,features.5.8.block.3,AnalogLinear,790,0.01,0.01,0.6550885256332687,0.3449114743667313,0.598358154296875,0.49935716960249066,0.5006428303975093,0.5012919306755066,0.5090575344890458,0.41268137377563446,device_comparison,,,,,Organic Pessimistic,Organic Pessimistic,,,,
convnext,C4,C4_4bit_noise_HAT,cifar10,checkpoints/C4_4bit_noise_HAT_best.pt,features.5.8.block.5,AnalogLinear,790,0.01,0.01,0.8044873792159406,0.1955126207840594,0.8025767207145691,0.5617683373674561,0.4382316626325439,0.5606664419174194,0.5090575344890458,0.41268137377563446,device_comparison,,,,,Organic Pessimistic,Organic Pessimistic,,,,
convnext,C4,C4_4bit_noise_HAT,cifar10,checkpoints/C4_4bit_noise_HAT_best.pt,features.6.1,AnalogConv2d,790,0.01,0.01,0.5410155393654787,0.45898446063452125,0.5384420156478882,0.38354991851728176,0.6164500814827183,0.382781982421875,0.5090575344890458,0.41268137377563446,device_comparison,,,,,Organic Pessimistic,Organic Pessimistic,,,,
convnext,C4,C4_4bit_noise_HAT,cifar10,checkpoints/C4_4bit_noise_HAT_best.pt,features.7.0.block.3,AnalogLinear,790,0.01,0.01,0.3728648518836951,0.6271351481163049,0.3301798701286316,0.7652368540250802,0.23476314597491976,0.7593180537223816,0.5090575344890458,0.41268137377563446,device_comparison,,,,,Organic Pessimistic,Organic Pessimistic,,,,
convnext,C4,C4_4bit_noise_HAT,cifar10,checkpoints/C4_4bit_noise_HAT_best.pt,features.7.0.block.5,AnalogLinear,790,0.01,0.01,0.40141085963460466,0.5985891403653953,0.3925374448299408,0.08392864835413197,0.9160713516458681,0.0862477645277977,0.5090575344890458,0.41268137377563446,device_comparison,,,,,Organic Pessimistic,Organic Pessimistic,,,,
convnext,C4,C4_4bit_noise_HAT,cifar10,checkpoints/C4_4bit_noise_HAT_best.pt,features.7.1.block.3,AnalogLinear,790,0.01,0.01,0.8356772668753998,0.16432273312460022,0.79931640625,0.7528702854355679,0.2471297145644321,0.7480062246322632,0.5090575344890458,0.41268137377563446,device_comparison,,,,,Organic Pessimistic,Organic Pessimistic,,,,
convnext,C4,C4_4bit_noise_HAT,cifar10,checkpoints/C4_4bit_noise_HAT_best.pt,features.7.1.block.5,AnalogLinear,790,0.01,0.01,0.8400472836403907,0.15995271635960928,0.8302714228630066,0.5440066691063628,0.45599333089363725,0.52972412109375,0.5090575344890458,0.41268137377563446,device_comparison,,,,,Organic Pessimistic,Organic Pessimistic,,,,
convnext,C4,C4_4bit_noise_HAT,cifar10,checkpoints/C4_4bit_noise_HAT_best.pt,features.7.2.block.3,AnalogLinear,790,0.01,0.01,0.7757949341701555,0.22420506582984445,0.7510986328125,0.5359658128098597,0.46403418719014033,0.5345866084098816,0.5090575344890458,0.41268137377563446,device_comparison,,,,,Organic Pessimistic,Organic Pessimistic,,,,
convnext,C4,C4_4bit_noise_HAT,cifar10,checkpoints/C4_4bit_noise_HAT_best.pt,features.7.2.block.5,AnalogLinear,790,0.01,0.01,0.8964876373357411,0.1035123626642589,0.8977102041244507,0.7490656070316895,0.25093439296831055,0.7610117793083191,0.5090575344890458,0.41268137377563446,device_comparison,,,,,Organic Pessimistic,Organic Pessimistic,,,,
convnext,C4,C4_4bit_noise_HAT,cifar10,checkpoints/C4_4bit_noise_HAT_best.pt,classifier.2,AnalogLinear,790,0.01,0.01,0.6061974052386948,0.3938025947613052,0.5462239980697632,0.861681840163243,0.138318159836757,0.8584798574447632,0.5090575344890458,0.41268137377563446,device_comparison,,,,,Organic Pessimistic,Organic Pessimistic,,,,
tinyvit,V4,V4_hybrid_standard_noise_hat,cifar10,checkpoints/V4_hybrid_standard_noise_hat_best.pt,patch_embed.conv1.conv,AnalogConv2d,1570,0.01,0.01,0.01707910358383777,0.9829208964161622,0.017172053456306458,0.005696084205013741,0.9943039157949862,0.005739795975387096,0.052301644332276714,0.036059345859268156,layer_sensitivity,,,,,,,mixed,MIXED,"Mixed robust groups: C, B","C,B"
tinyvit,V4,V4_hybrid_standard_noise_hat,cifar10,checkpoints/V4_hybrid_standard_noise_hat_best.pt,patch_embed.conv2.conv,AnalogConv2d,1570,0.01,0.01,0.09257213636568397,0.907427863634316,0.08070264011621475,0.022272042705896933,0.9777279572941031,0.025882642716169357,0.052301644332276714,0.036059345859268156,layer_sensitivity,,,,,,,mixed,MIXED,"Mixed robust groups: C, B","C,B"
tinyvit,V4,V4_hybrid_standard_noise_hat,cifar10,checkpoints/V4_hybrid_standard_noise_hat_best.pt,stages.1.blocks.0.attn.qkv,AnalogLinear,1570,0.01,0.01,0.11306967457198792,0.8869303254280121,0.09976943582296371,0.08183270469307899,0.918167295306921,0.08103974163532257,0.052301644332276714,0.036059345859268156,layer_sensitivity,,,,,,,mixed,MIXED,"Mixed robust groups: C, B","C,B"
tinyvit,V4,V4_hybrid_standard_noise_hat,cifar10,checkpoints/V4_hybrid_standard_noise_hat_best.pt,stages.1.blocks.0.attn.proj,AnalogLinear,1570,0.01,0.01,0.053459277044341065,0.9465407229556589,0.04667383059859276,0.046389358858488924,0.9536106411415111,0.046014901250600815,0.052301644332276714,0.036059345859268156,layer_sensitivity,,,,,,,mixed,MIXED,"Mixed robust groups: C, B","C,B"
tinyvit,V4,V4_hybrid_standard_noise_hat,cifar10,checkpoints/V4_hybrid_standard_noise_hat_best.pt,stages.1.blocks.0.mlp.fc1,AnalogLinear,1570,0.01,0.01,0.11059610556550087,0.8894038944344991,0.09418409317731857,0.057841564304414825,0.9421584356955852,0.057772889733314514,0.052301644332276714,0.036059345859268156,layer_sensitivity,,,,,,,mixed,MIXED,"Mixed robust groups: C, B","C,B"
tinyvit,V4,V4_hybrid_standard_noise_hat,cifar10,checkpoints/V4_hybrid_standard_noise_hat_best.pt,stages.1.blocks.0.mlp.fc2,AnalogLinear,1570,0.01,0.01,0.08021015520593164,0.9197898447940683,0.0686749815940857,0.024583853615127552,0.9754161463848724,0.024763768538832664,0.052301644332276714,0.036059345859268156,layer_sensitivity,,,,,,,mixed,MIXED,"Mixed robust groups: C, B","C,B"
tinyvit,V4,V4_hybrid_standard_noise_hat,cifar10,checkpoints/V4_hybrid_standard_noise_hat_best.pt,stages.1.blocks.1.attn.qkv,AnalogLinear,1570,0.01,0.01,0.053046934508309246,0.9469530654916908,0.05122531205415726,0.03984727762449699,0.960152722375503,0.04018230736255646,0.052301644332276714,0.036059345859268156,layer_sensitivity,,,,,,,mixed,MIXED,"Mixed robust groups: C, B","C,B"
tinyvit,V4,V4_hybrid_standard_noise_hat,cifar10,checkpoints/V4_hybrid_standard_noise_hat_best.pt,stages.1.blocks.1.attn.proj,AnalogLinear,1570,0.01,0.01,0.037867229872021325,0.9621327701279787,0.03329841420054436,0.033969241638139934,0.96603075836186,0.03421830013394356,0.052301644332276714,0.036059345859268156,layer_sensitivity,,,,,,,mixed,MIXED,"Mixed robust groups: C, B","C,B"
tinyvit,V4,V4_hybrid_standard_noise_hat,cifar10,checkpoints/V4_hybrid_standard_noise_hat_best.pt,stages.1.blocks.1.mlp.fc1,AnalogLinear,1570,0.01,0.01,0.07902388511000165,0.9209761148899983,0.08006629347801208,0.03915000862803809,0.9608499913719619,0.040001071989536285,0.052301644332276714,0.036059345859268156,layer_sensitivity,,,,,,,mixed,MIXED,"Mixed robust groups: C, B","C,B"
tinyvit,V4,V4_hybrid_standard_noise_hat,cifar10,checkpoints/V4_hybrid_standard_noise_hat_best.pt,stages.1.blocks.1.mlp.fc2,AnalogLinear,1570,0.01,0.01,0.024866706322712505,0.9751332936772875,0.01969146728515625,0.010601284300944038,0.9893987156990559,0.010558303445577621,0.052301644332276714,0.036059345859268156,layer_sensitivity,,,,,,,mixed,MIXED,"Mixed robust groups: C, B","C,B"
tinyvit,V4,V4_hybrid_standard_noise_hat,cifar10,checkpoints/V4_hybrid_standard_noise_hat_best.pt,stages.2.blocks.0.attn.qkv,AnalogLinear,1570,0.01,0.01,0.0783406813338304,0.9216593186661696,0.07136479020118713,0.06485448928585477,0.9351455107141452,0.06436343491077423,0.052301644332276714,0.036059345859268156,layer_sensitivity,,,,,,,mixed,MIXED,"Mixed robust groups: C, B","C,B"
tinyvit,V4,V4_hybrid_standard_noise_hat,cifar10,checkpoints/V4_hybrid_standard_noise_hat_best.pt,stages.2.blocks.0.attn.proj,AnalogLinear,1570,0.01,0.01,0.02971884282839716,0.9702811571716028,0.025633767247200012,0.019179901194752783,0.9808200988052472,0.017839204519987106,0.052301644332276714,0.036059345859268156,layer_sensitivity,,,,,,,mixed,MIXED,"Mixed robust groups: C, B","C,B"
tinyvit,V4,V4_hybrid_standard_noise_hat,cifar10,checkpoints/V4_hybrid_standard_noise_hat_best.pt,stages.2.blocks.0.mlp.fc1,AnalogLinear,1570,0.01,0.01,0.04157114800326763,0.9584288519967323,0.03955874964594841,0.042493315990183765,0.9575066840098162,0.04162149131298065,0.052301644332276714,0.036059345859268156,layer_sensitivity,,,,,,,mixed,MIXED,"Mixed robust groups: C, B","C,B"
tinyvit,V4,V4_hybrid_standard_noise_hat,cifar10,checkpoints/V4_hybrid_standard_noise_hat_best.pt,stages.2.blocks.0.mlp.fc2,AnalogLinear,1570,0.01,0.01,0.04861594916196765,0.9513840508380323,0.04263592138886452,0.022134101809637183,0.9778658981903628,0.0217633917927742,0.052301644332276714,0.036059345859268156,layer_sensitivity,,,,,,,mixed,MIXED,"Mixed robust groups: C, B","C,B"
tinyvit,V4,V4_hybrid_standard_noise_hat,cifar10,checkpoints/V4_hybrid_standard_noise_hat_best.pt,stages.2.blocks.1.attn.qkv,AnalogLinear,1570,0.01,0.01,0.0490782173599597,0.9509217826400403,0.04560147970914841,0.03774590981756426,0.9622540901824357,0.03749202564358711,0.052301644332276714,0.036059345859268156,layer_sensitivity,,,,,,,mixed,MIXED,"Mixed robust groups: C, B","C,B"
tinyvit,V4,V4_hybrid_standard_noise_hat,cifar10,checkpoints/V4_hybrid_standard_noise_hat_best.pt,stages.2.blocks.1.attn.proj,AnalogLinear,1570,0.01,0.01,0.02749929619347973,0.9725007038065203,0.028834501281380653,0.021053350550733554,0.9789466494492665,0.02118542604148388,0.052301644332276714,0.036059345859268156,layer_sensitivity,,,,,,,mixed,MIXED,"Mixed robust groups: C, B","C,B"
tinyvit,V4,V4_hybrid_standard_noise_hat,cifar10,checkpoints/V4_hybrid_standard_noise_hat_best.pt,stages.2.blocks.1.mlp.fc1,AnalogLinear,1570,0.01,0.01,0.05152146133362867,0.9484785386663713,0.048274073749780655,0.041431234129200314,0.9585687658707996,0.04198620840907097,0.052301644332276714,0.036059345859268156,layer_sensitivity,,,,,,,mixed,MIXED,"Mixed robust groups: C, B","C,B"
tinyvit,V4,V4_hybrid_standard_noise_hat,cifar10,checkpoints/V4_hybrid_standard_noise_hat_best.pt,stages.2.blocks.1.mlp.fc2,AnalogLinear,1570,0.01,0.01,0.04375530053997875,0.9562446994600212,0.04315010830760002,0.020591852264656763,0.9794081477353432,0.02022431045770645,0.052301644332276714,0.036059345859268156,layer_sensitivity,,,,,,,mixed,MIXED,"Mixed robust groups: C, B","C,B"
tinyvit,V4,V4_hybrid_standard_noise_hat,cifar10,checkpoints/V4_hybrid_standard_noise_hat_best.pt,stages.2.blocks.2.attn.qkv,AnalogLinear,1570,0.01,0.01,0.043695037738437865,0.9563049622615621,0.04250438138842583,0.033195787904321386,0.9668042120956786,0.03387874364852905,0.052301644332276714,0.036059345859268156,layer_sensitivity,,,,,,,mixed,MIXED,"Mixed robust groups: C, B","C,B"
tinyvit,V4,V4_hybrid_standard_noise_hat,cifar10,checkpoints/V4_hybrid_standard_noise_hat_best.pt,stages.2.blocks.2.attn.proj,AnalogLinear,1570,0.01,0.01,0.0321354671351754,0.9678645328648245,0.03269292041659355,0.025738783069192223,0.9742612169308078,0.028908241540193558,0.052301644332276714,0.036059345859268156,layer_sensitivity,,,,,,,mixed,MIXED,"Mixed robust groups: C, B","C,B"
tinyvit,V4,V4_hybrid_standard_noise_hat,cifar10,checkpoints/V4_hybrid_standard_noise_hat_best.pt,stages.2.blocks.2.mlp.fc1,AnalogLinear,1570,0.01,0.01,0.059687974379890284,0.9403120256201097,0.05374082922935486,0.04759595156380325,0.9524040484361967,0.04852120205760002,0.052301644332276714,0.036059345859268156,layer_sensitivity,,,,,,,mixed,MIXED,"Mixed robust groups: C, B","C,B"
tinyvit,V4,V4_hybrid_standard_noise_hat,cifar10,checkpoints/V4_hybrid_standard_noise_hat_best.pt,stages.2.blocks.2.mlp.fc2,AnalogLinear,1570,0.01,0.01,0.04996444005400512,0.9500355599459949,0.0512436218559742,0.024991483115561448,0.9750085168844386,0.026648197323083878,0.052301644332276714,0.036059345859268156,layer_sensitivity,,,,,,,mixed,MIXED,"Mixed robust groups: C, B","C,B"
tinyvit,V4,V4_hybrid_standard_noise_hat,cifar10,checkpoints/V4_hybrid_standard_noise_hat_best.pt,stages.2.blocks.3.attn.qkv,AnalogLinear,1570,0.01,0.01,0.04767932851033606,0.9523206714896639,0.048447463661432266,0.03557047799917733,0.9644295220008227,0.03524194657802582,0.052301644332276714,0.036059345859268156,layer_sensitivity,,,,,,,mixed,MIXED,"Mixed robust groups: C, B","C,B"
tinyvit,V4,V4_hybrid_standard_noise_hat,cifar10,checkpoints/V4_hybrid_standard_noise_hat_best.pt,stages.2.blocks.3.attn.proj,AnalogLinear,1570,0.01,0.01,0.02573855108800967,0.9742614489119903,0.02163185551762581,0.02658772661831159,0.9734122733816885,0.022144051268696785,0.052301644332276714,0.036059345859268156,layer_sensitivity,,,,,,,mixed,MIXED,"Mixed robust groups: C, B","C,B"
tinyvit,V4,V4_hybrid_standard_noise_hat,cifar10,checkpoints/V4_hybrid_standard_noise_hat_best.pt,stages.2.blocks.3.mlp.fc1,AnalogLinear,1570,0.01,0.01,0.06332937118591396,0.936670628814086,0.07097815722227097,0.04787542260471423,0.9521245773952858,0.04915895685553551,0.052301644332276714,0.036059345859268156,layer_sensitivity,,,,,,,mixed,MIXED,"Mixed robust groups: C, B","C,B"
tinyvit,V4,V4_hybrid_standard_noise_hat,cifar10,checkpoints/V4_hybrid_standard_noise_hat_best.pt,stages.2.blocks.3.mlp.fc2,AnalogLinear,1570,0.01,0.01,0.04462786407275185,0.9553721359272481,0.03665497153997421,0.02336584977378511,0.9766341502262149,0.023425042629241943,0.052301644332276714,0.036059345859268156,layer_sensitivity,,,,,,,mixed,MIXED,"Mixed robust groups: C, B","C,B"
tinyvit,V4,V4_hybrid_standard_noise_hat,cifar10,checkpoints/V4_hybrid_standard_noise_hat_best.pt,stages.2.blocks.4.attn.qkv,AnalogLinear,1570,0.01,0.01,0.046239181629316825,0.9537608183706832,0.048427533358335495,0.03846338364728697,0.961536616352713,0.03886917978525162,0.052301644332276714,0.036059345859268156,layer_sensitivity,,,,,,,mixed,MIXED,"Mixed robust groups: C, B","C,B"
tinyvit,V4,V4_hybrid_standard_noise_hat,cifar10,checkpoints/V4_hybrid_standard_noise_hat_best.pt,stages.2.blocks.4.attn.proj,AnalogLinear,1570,0.01,0.01,0.027882852105150936,0.972117147894849,0.022183911874890327,0.027542661364148756,0.9724573386358513,0.025261079892516136,0.052301644332276714,0.036059345859268156,layer_sensitivity,,,,,,,mixed,MIXED,"Mixed robust groups: C, B","C,B"
tinyvit,V4,V4_hybrid_standard_noise_hat,cifar10,checkpoints/V4_hybrid_standard_noise_hat_best.pt,stages.2.blocks.4.mlp.fc1,AnalogLinear,1570,0.01,0.01,0.059210815159663276,0.9407891848403367,0.06010044366121292,0.05819705182769496,0.941802948172305,0.058653537184000015,0.052301644332276714,0.036059345859268156,layer_sensitivity,,,,,,,mixed,MIXED,"Mixed robust groups: C, B","C,B"
tinyvit,V4,V4_hybrid_standard_noise_hat,cifar10,checkpoints/V4_hybrid_standard_noise_hat_best.pt,stages.2.blocks.4.mlp.fc2,AnalogLinear,1570,0.01,0.01,0.0605207278399141,0.9394792721600859,0.05586136505007744,0.02176624225559318,0.9782337577444068,0.02243203856050968,0.052301644332276714,0.036059345859268156,layer_sensitivity,,,,,,,mixed,MIXED,"Mixed robust groups: C, B","C,B"
tinyvit,V4,V4_hybrid_standard_noise_hat,cifar10,checkpoints/V4_hybrid_standard_noise_hat_best.pt,stages.2.blocks.5.attn.qkv,AnalogLinear,1570,0.01,0.01,0.04717334868374524,0.9528266513162548,0.05209462344646454,0.04312382994373892,0.9568761700562611,0.04306640475988388,0.052301644332276714,0.036059345859268156,layer_sensitivity,,,,,,,mixed,MIXED,"Mixed robust groups: C, B","C,B"
tinyvit,V4,V4_hybrid_standard_noise_hat,cifar10,checkpoints/V4_hybrid_standard_noise_hat_best.pt,stages.2.blocks.5.attn.proj,AnalogLinear,1570,0.01,0.01,0.021486948446554553,0.9785130515534455,0.021203363314270973,0.02018729048087054,0.9798127095191295,0.020597495138645172,0.052301644332276714,0.036059345859268156,layer_sensitivity,,,,,,,mixed,MIXED,"Mixed robust groups: C, B","C,B"
tinyvit,V4,V4_hybrid_standard_noise_hat,cifar10,checkpoints/V4_hybrid_standard_noise_hat_best.pt,stages.2.blocks.5.mlp.fc1,AnalogLinear,1570,0.01,0.01,0.08101518413965489,0.9189848158603451,0.07619179785251617,0.0636701728650339,0.936329827134966,0.06639429181814194,0.052301644332276714,0.036059345859268156,layer_sensitivity,,,,,,,mixed,MIXED,"Mixed robust groups: C, B","C,B"
tinyvit,V4,V4_hybrid_standard_noise_hat,cifar10,checkpoints/V4_hybrid_standard_noise_hat_best.pt,stages.2.blocks.5.mlp.fc2,AnalogLinear,1570,0.01,0.01,0.008361297086249017,0.991638702913751,0.008020767010748386,0.007563786127361333,0.9924362138726387,0.007178730331361294,0.052301644332276714,0.036059345859268156,layer_sensitivity,,,,,,,mixed,MIXED,"Mixed robust groups: C, B","C,B"
tinyvit,V4,V4_hybrid_standard_noise_hat,cifar10,checkpoints/V4_hybrid_standard_noise_hat_best.pt,stages.3.blocks.0.attn.qkv,AnalogLinear,1570,0.01,0.01,0.0665784823192153,0.9334215176807847,0.06831154227256775,0.07036079123711131,0.9296392087628886,0.06932796537876129,0.052301644332276714,0.036059345859268156,layer_sensitivity,,,,,,,mixed,MIXED,"Mixed robust groups: C, B","C,B"
tinyvit,V4,V4_hybrid_standard_noise_hat,cifar10,checkpoints/V4_hybrid_standard_noise_hat_best.pt,stages.3.blocks.0.attn.proj,AnalogLinear,1570,0.01,0.01,0.025799807751919052,0.974200192248081,0.01727917604148388,0.021250612876573757,0.9787493871234263,0.01453682966530323,0.052301644332276714,0.036059345859268156,layer_sensitivity,,,,,,,mixed,MIXED,"Mixed robust groups: C, B","C,B"
tinyvit,V4,V4_hybrid_standard_noise_hat,cifar10,checkpoints/V4_hybrid_standard_noise_hat_best.pt,stages.3.blocks.0.mlp.fc1,AnalogLinear,1570,0.01,0.01,0.11771152605581435,0.8822884739441856,0.0956513062119484,0.0939644950590316,0.9060355049409684,0.09569115936756134,0.052301644332276714,0.036059345859268156,layer_sensitivity,,,,,,,mixed,MIXED,"Mixed robust groups: C, B","C,B"
tinyvit,V4,V4_hybrid_standard_noise_hat,cifar10,checkpoints/V4_hybrid_standard_noise_hat_best.pt,stages.3.blocks.0.mlp.fc2,AnalogLinear,1570,0.01,0.01,0.06354976120600654,0.9364502387939935,0.05733119323849678,0.020459216735829972,0.97954078326417,0.020810745656490326,0.052301644332276714,0.036059345859268156,layer_sensitivity,,,,,,,mixed,MIXED,"Mixed robust groups: C, B","C,B"
tinyvit,V4,V4_hybrid_standard_noise_hat,cifar10,checkpoints/V4_hybrid_standard_noise_hat_best.pt,stages.3.blocks.1.attn.qkv,AnalogLinear,1570,0.01,0.01,0.042577373563863666,0.9574226264361363,0.04134645685553551,0.04703356341524109,0.9529664365847589,0.04847337305545807,0.052301644332276714,0.036059345859268156,layer_sensitivity,,,,,,,mixed,MIXED,"Mixed robust groups: C, B","C,B"
tinyvit,V4,V4_hybrid_standard_noise_hat,cifar10,checkpoints/V4_hybrid_standard_noise_hat_best.pt,stages.3.blocks.1.attn.proj,AnalogLinear,1570,0.01,0.01,0.027567112220415645,0.9724328877795844,0.02631935477256775,0.0226121259728672,0.9773878740271328,0.023369736969470978,0.052301644332276714,0.036059345859268156,layer_sensitivity,,,,,,,mixed,MIXED,"Mixed robust groups: C, B","C,B"
tinyvit,V4,V4_hybrid_standard_noise_hat,cifar10,checkpoints/V4_hybrid_standard_noise_hat_best.pt,stages.3.blocks.1.mlp.fc1,AnalogLinear,1570,0.01,0.01,0.04706853332270862,0.9529314666772913,0.04840162396430969,0.0406586638135705,0.9593413361864295,0.039708226919174194,0.052301644332276714,0.036059345859268156,layer_sensitivity,,,,,,,mixed,MIXED,"Mixed robust groups: C, B","C,B"
tinyvit,V4,V4_hybrid_standard_noise_hat,cifar10,checkpoints/V4_hybrid_standard_noise_hat_best.pt,stages.3.blocks.1.mlp.fc2,AnalogLinear,1570,0.01,0.01,0.055175971356072245,0.9448240286439278,0.06818100064992905,0.021049580202218452,0.9789504197977815,0.021285075694322586,0.052301644332276714,0.036059345859268156,layer_sensitivity,,,,,,,mixed,MIXED,"Mixed robust groups: C, B","C,B"
tinyvit,V4,V4_hybrid_standard_noise_hat,cifar10,checkpoints/V4_hybrid_standard_noise_hat_best.pt,patch_embed.conv1.conv,AnalogConv2d,1570,0.01,0.01,0.01707910358383777,0.9829208964161622,0.017172053456306458,0.005696084205013741,0.9943039157949862,0.005739795975387096,0.047201637679901196,0.037262747397951455,device_comparison,,,,,Measured Sample Profile (Suboptimal),Measured Sample Profile (Suboptimal),,,,
tinyvit,V4,V4_hybrid_standard_noise_hat,cifar10,checkpoints/V4_hybrid_standard_noise_hat_best.pt,patch_embed.conv2.conv,AnalogConv2d,1570,0.01,0.01,0.09370780958301703,0.906292190416983,0.07543306797742844,0.024249604304030444,0.9757503956959696,0.02270367555320263,0.047201637679901196,0.037262747397951455,device_comparison,,,,,Measured Sample Profile (Suboptimal),Measured Sample Profile (Suboptimal),,,,
tinyvit,V4,V4_hybrid_standard_noise_hat,cifar10,checkpoints/V4_hybrid_standard_noise_hat_best.pt,stages.1.blocks.0.attn.qkv,AnalogLinear,1570,0.01,0.01,0.10119691718915466,0.8988030828108453,0.09619265049695969,0.08647179921056815,0.9135282007894319,0.08718186616897583,0.047201637679901196,0.037262747397951455,device_comparison,,,,,Measured Sample Profile (Suboptimal),Measured Sample Profile (Suboptimal),,,,
tinyvit,V4,V4_hybrid_standard_noise_hat,cifar10,checkpoints/V4_hybrid_standard_noise_hat_best.pt,stages.1.blocks.0.attn.proj,AnalogLinear,1570,0.01,0.01,0.04458006493699779,0.9554199350630022,0.043397240340709686,0.033818500203074545,0.9661814997969255,0.03406135365366936,0.047201637679901196,0.037262747397951455,device_comparison,,,,,Measured Sample Profile (Suboptimal),Measured Sample Profile (Suboptimal),,,,
tinyvit,V4,V4_hybrid_standard_noise_hat,cifar10,checkpoints/V4_hybrid_standard_noise_hat_best.pt,stages.1.blocks.0.mlp.fc1,AnalogLinear,1570,0.01,0.01,0.10650996126376899,0.893490038736231,0.11114563792943954,0.05782052299873844,0.9421794770012616,0.0577523373067379,0.047201637679901196,0.037262747397951455,device_comparison,,,,,Measured Sample Profile (Suboptimal),Measured Sample Profile (Suboptimal),,,,
tinyvit,V4,V4_hybrid_standard_noise_hat,cifar10,checkpoints/V4_hybrid_standard_noise_hat_best.pt,stages.1.blocks.0.mlp.fc2,AnalogLinear,1570,0.01,0.01,0.07593167376746038,0.9240683262325396,0.07636961340904236,0.026932223476944076,0.9730677765230559,0.026744607836008072,0.047201637679901196,0.037262747397951455,device_comparison,,,,,Measured Sample Profile (Suboptimal),Measured Sample Profile (Suboptimal),,,,
tinyvit,V4,V4_hybrid_standard_noise_hat,cifar10,checkpoints/V4_hybrid_standard_noise_hat_best.pt,stages.1.blocks.1.attn.qkv,AnalogLinear,1570,0.01,0.01,0.04860731762400858,0.9513926823759914,0.04905980825424194,0.03922649584710598,0.960773504152894,0.03995996341109276,0.047201637679901196,0.037262747397951455,device_comparison,,,,,Measured Sample Profile (Suboptimal),Measured Sample Profile (Suboptimal),,,,
tinyvit,V4,V4_hybrid_standard_noise_hat,cifar10,checkpoints/V4_hybrid_standard_noise_hat_best.pt,stages.1.blocks.1.attn.proj,AnalogLinear,1570,0.01,0.01,0.039159920379804196,0.9608400796201958,0.03813451528549194,0.02947162483124786,0.9705283751687521,0.029306840151548386,0.047201637679901196,0.037262747397951455,device_comparison,,,,,Measured Sample Profile (Suboptimal),Measured Sample Profile (Suboptimal),,,,
tinyvit,V4,V4_hybrid_standard_noise_hat,cifar10,checkpoints/V4_hybrid_standard_noise_hat_best.pt,stages.1.blocks.1.mlp.fc1,AnalogLinear,1570,0.01,0.01,0.07075915568905651,0.9292408443109434,0.07226312905550003,0.04020432118967081,0.9597956788103292,0.04073847457766533,0.047201637679901196,0.037262747397951455,device_comparison,,,,,Measured Sample Profile (Suboptimal),Measured Sample Profile (Suboptimal),,,,
tinyvit,V4,V4_hybrid_standard_noise_hat,cifar10,checkpoints/V4_hybrid_standard_noise_hat_best.pt,stages.1.blocks.1.mlp.fc2,AnalogLinear,1570,0.01,0.01,0.008619412061740543,0.9913805879382594,0.008843246847391129,0.0057567843704656434,0.9942432156295343,0.005812664516270161,0.047201637679901196,0.037262747397951455,device_comparison,,,,,Measured Sample Profile (Suboptimal),Measured Sample Profile (Suboptimal),,,,
tinyvit,V4,V4_hybrid_standard_noise_hat,cifar10,checkpoints/V4_hybrid_standard_noise_hat_best.pt,stages.2.blocks.0.attn.qkv,AnalogLinear,1570,0.01,0.01,0.0754684189132824,0.9245315810867176,0.07244698703289032,0.06367813900682577,0.9363218609931743,0.06385522335767746,0.047201637679901196,0.037262747397951455,device_comparison,,,,,Measured Sample Profile (Suboptimal),Measured Sample Profile (Suboptimal),,,,
tinyvit,V4,V4_hybrid_standard_noise_hat,cifar10,checkpoints/V4_hybrid_standard_noise_hat_best.pt,stages.2.blocks.0.attn.proj,AnalogLinear,1570,0.01,0.01,0.03230048370233197,0.967699516297668,0.029733337461948395,0.020364246596315295,0.9796357534036847,0.021053889766335487,0.047201637679901196,0.037262747397951455,device_comparison,,,,,Measured Sample Profile (Suboptimal),Measured Sample Profile (Suboptimal),,,,
tinyvit,V4,V4_hybrid_standard_noise_hat,cifar10,checkpoints/V4_hybrid_standard_noise_hat_best.pt,stages.2.blocks.0.mlp.fc1,AnalogLinear,1570,0.01,0.01,0.0443124447089092,0.9556875552910908,0.0405711866915226,0.04395823419378821,0.9560417658062118,0.04334542155265808,0.047201637679901196,0.037262747397951455,device_comparison,,,,,Measured Sample Profile (Suboptimal),Measured Sample Profile (Suboptimal),,,,
tinyvit,V4,V4_hybrid_standard_noise_hat,cifar10,checkpoints/V4_hybrid_standard_noise_hat_best.pt,stages.2.blocks.0.mlp.fc2,AnalogLinear,1570,0.01,0.01,0.047458235181535885,0.9525417648184641,0.04557357728481293,0.0242447582518409,0.9757552417481591,0.02455456741154194,0.047201637679901196,0.037262747397951455,device_comparison,,,,,Measured Sample Profile (Suboptimal),Measured Sample Profile (Suboptimal),,,,
tinyvit,V4,V4_hybrid_standard_noise_hat,cifar10,checkpoints/V4_hybrid_standard_noise_hat_best.pt,stages.2.blocks.1.attn.qkv,AnalogLinear,1570,0.01,0.01,0.051974936724183664,0.9480250632758164,0.052459340542554855,0.04149485635956761,0.9585051436404324,0.04282525181770325,0.047201637679901196,0.037262747397951455,device_comparison,,,,,Measured Sample Profile (Suboptimal),Measured Sample Profile (Suboptimal),,,,
tinyvit,V4,V4_hybrid_standard_noise_hat,cifar10,checkpoints/V4_hybrid_standard_noise_hat_best.pt,stages.2.blocks.1.attn.proj,AnalogLinear,1570,0.01,0.01,0.029732531605727353,0.9702674683942727,0.03413185477256775,0.01886308613429024,0.9811369138657098,0.02172154001891613,0.047201637679901196,0.037262747397951455,device_comparison,,,,,Measured Sample Profile (Suboptimal),Measured Sample Profile (Suboptimal),,,,
tinyvit,V4,V4_hybrid_standard_noise_hat,cifar10,checkpoints/V4_hybrid_standard_noise_hat_best.pt,stages.2.blocks.1.mlp.fc1,AnalogLinear,1570,0.01,0.01,0.05040976784079318,0.9495902321592068,0.046647798269987106,0.04524627348562335,0.9547537265143766,0.04437778890132904,0.047201637679901196,0.037262747397951455,device_comparison,,,,,Measured Sample Profile (Suboptimal),Measured Sample Profile (Suboptimal),,,,
tinyvit,V4,V4_hybrid_standard_noise_hat,cifar10,checkpoints/V4_hybrid_standard_noise_hat_best.pt,stages.2.blocks.1.mlp.fc2,AnalogLinear,1570,0.01,0.01,0.036292761229690475,0.9637072387703095,0.036439232528209686,0.023143630322946866,0.9768563696770531,0.0224783755838871,0.047201637679901196,0.037262747397951455,device_comparison,,,,,Measured Sample Profile (Suboptimal),Measured Sample Profile (Suboptimal),,,,
tinyvit,V4,V4_hybrid_standard_noise_hat,cifar10,checkpoints/V4_hybrid_standard_noise_hat_best.pt,stages.2.blocks.2.attn.qkv,AnalogLinear,1570,0.01,0.01,0.05111261258839042,0.9488873874116096,0.051183830946683884,0.03289738955913456,0.9671026104408654,0.033759165555238724,0.047201637679901196,0.037262747397951455,device_comparison,,,,,Measured Sample Profile (Suboptimal),Measured Sample Profile (Suboptimal),,,,
tinyvit,V4,V4_hybrid_standard_noise_hat,cifar10,checkpoints/V4_hybrid_standard_noise_hat_best.pt,stages.2.blocks.2.attn.proj,AnalogLinear,1570,0.01,0.01,0.02529148782490735,0.9747085121750927,0.02863520197570324,0.019950226573926057,0.9800497734260739,0.021588008850812912,0.047201637679901196,0.037262747397951455,device_comparison,,,,,Measured Sample Profile (Suboptimal),Measured Sample Profile (Suboptimal),,,,
tinyvit,V4,V4_hybrid_standard_noise_hat,cifar10,checkpoints/V4_hybrid_standard_noise_hat_best.pt,stages.2.blocks.2.mlp.fc1,AnalogLinear,1570,0.01,0.01,0.04929662247894296,0.950703377521057,0.04198022931814194,0.05147005502775216,0.9485299449722479,0.050478313118219376,0.047201637679901196,0.037262747397951455,device_comparison,,,,,Measured Sample Profile (Suboptimal),Measured Sample Profile (Suboptimal),,,,
tinyvit,V4,V4_hybrid_standard_noise_hat,cifar10,checkpoints/V4_hybrid_standard_noise_hat_best.pt,stages.2.blocks.2.mlp.fc2,AnalogLinear,1570,0.01,0.01,0.03278114583319539,0.9672188541668046,0.02690877951681614,0.02713525916099738,0.9728647408390027,0.027496710419654846,0.047201637679901196,0.037262747397951455,device_comparison,,,,,Measured Sample Profile (Suboptimal),Measured Sample Profile (Suboptimal),,,,
tinyvit,V4,V4_hybrid_standard_noise_hat,cifar10,checkpoints/V4_hybrid_standard_noise_hat_best.pt,stages.2.blocks.3.attn.qkv,AnalogLinear,1570,0.01,0.01,0.05008063372580489,0.9499193662741952,0.04759247228503227,0.040260050403084724,0.9597399495969152,0.04179886728525162,0.047201637679901196,0.037262747397951455,device_comparison,,,,,Measured Sample Profile (Suboptimal),Measured Sample Profile (Suboptimal),,,,
tinyvit,V4,V4_hybrid_standard_noise_hat,cifar10,checkpoints/V4_hybrid_standard_noise_hat_best.pt,stages.2.blocks.3.attn.proj,AnalogLinear,1570,0.01,0.01,0.02647952499330803,0.9735204750066919,0.01992984674870968,0.022191114017775484,0.9778088859822245,0.01440130639821291,0.047201637679901196,0.037262747397951455,device_comparison,,,,,Measured Sample Profile (Suboptimal),Measured Sample Profile (Suboptimal),,,,
tinyvit,V4,V4_hybrid_standard_noise_hat,cifar10,checkpoints/V4_hybrid_standard_noise_hat_best.pt,stages.2.blocks.3.mlp.fc1,AnalogLinear,1570,0.01,0.01,0.061438316643048246,0.9385616833569518,0.05657684803009033,0.054470107106456334,0.9455298928935436,0.05122169852256775,0.047201637679901196,0.037262747397951455,device_comparison,,,,,Measured Sample Profile (Suboptimal),Measured Sample Profile (Suboptimal),,,,
tinyvit,V4,V4_hybrid_standard_noise_hat,cifar10,checkpoints/V4_hybrid_standard_noise_hat_best.pt,stages.2.blocks.3.mlp.fc2,AnalogLinear,1570,0.01,0.01,0.030945681101956946,0.969054318898043,0.028361167758703232,0.024329714468757438,0.9756702855312426,0.024012474343180656,0.047201637679901196,0.037262747397951455,device_comparison,,,,,Measured Sample Profile (Suboptimal),Measured Sample Profile (Suboptimal),,,,
tinyvit,V4,V4_hybrid_standard_noise_hat,cifar10,checkpoints/V4_hybrid_standard_noise_hat_best.pt,stages.2.blocks.4.attn.qkv,AnalogLinear,1570,0.01,0.01,0.038930199960851744,0.9610698000391482,0.03210698068141937,0.04266536898056793,0.9573346310194321,0.04148995503783226,0.047201637679901196,0.037262747397951455,device_comparison,,,,,Measured Sample Profile (Suboptimal),Measured Sample Profile (Suboptimal),,,,
tinyvit,V4,V4_hybrid_standard_noise_hat,cifar10,checkpoints/V4_hybrid_standard_noise_hat_best.pt,stages.2.blocks.4.attn.proj,AnalogLinear,1570,0.01,0.01,0.026946642500152634,0.9730533574998473,0.025065766647458076,0.02380600756769822,0.9761939924323018,0.024633290246129036,0.047201637679901196,0.037262747397951455,device_comparison,,,,,Measured Sample Profile (Suboptimal),Measured Sample Profile (Suboptimal),,,,
tinyvit,V4,V4_hybrid_standard_noise_hat,cifar10,checkpoints/V4_hybrid_standard_noise_hat_best.pt,stages.2.blocks.4.mlp.fc1,AnalogLinear,1570,0.01,0.01,0.0528449906522681,0.9471550093477319,0.05016940087080002,0.06226613604386521,0.9377338639561348,0.06890146434307098,0.047201637679901196,0.037262747397951455,device_comparison,,,,,Measured Sample Profile (Suboptimal),Measured Sample Profile (Suboptimal),,,,
tinyvit,V4,V4_hybrid_standard_noise_hat,cifar10,checkpoints/V4_hybrid_standard_noise_hat_best.pt,stages.2.blocks.4.mlp.fc2,AnalogLinear,1570,0.01,0.01,0.05024141988414488,0.9497585801158551,0.04101761803030968,0.027462957532495072,0.9725370424675049,0.027888331562280655,0.047201637679901196,0.037262747397951455,device_comparison,,,,,Measured Sample Profile (Suboptimal),Measured Sample Profile (Suboptimal),,,,
tinyvit,V4,V4_hybrid_standard_noise_hat,cifar10,checkpoints/V4_hybrid_standard_noise_hat_best.pt,stages.2.blocks.5.attn.qkv,AnalogLinear,1570,0.01,0.01,0.043886917767820846,0.9561130822321792,0.04279934614896774,0.04891857137298508,0.951081428627015,0.05150270834565163,0.047201637679901196,0.037262747397951455,device_comparison,,,,,Measured Sample Profile (Suboptimal),Measured Sample Profile (Suboptimal),,,,
tinyvit,V4,V4_hybrid_standard_noise_hat,cifar10,checkpoints/V4_hybrid_standard_noise_hat_best.pt,stages.2.blocks.5.attn.proj,AnalogLinear,1570,0.01,0.01,0.029274318097930425,0.9707256819020695,0.02712053433060646,0.021525641235339035,0.9784743587646609,0.020677214488387108,0.047201637679901196,0.037262747397951455,device_comparison,,,,,Measured Sample Profile (Suboptimal),Measured Sample Profile (Suboptimal),,,,
tinyvit,V4,V4_hybrid_standard_noise_hat,cifar10,checkpoints/V4_hybrid_standard_noise_hat_best.pt,stages.2.blocks.5.mlp.fc1,AnalogLinear,1570,0.01,0.01,0.07040420056670714,0.9295957994332928,0.06417808681726456,0.0757703091593305,0.9242296908406695,0.07680364698171616,0.047201637679901196,0.037262747397951455,device_comparison,,,,,Measured Sample Profile (Suboptimal),Measured Sample Profile (Suboptimal),,,,
tinyvit,V4,V4_hybrid_standard_noise_hat,cifar10,checkpoints/V4_hybrid_standard_noise_hat_best.pt,stages.2.blocks.5.mlp.fc2,AnalogLinear,1570,0.01,0.01,0.0010321304710377245,0.9989678695289623,0.0007080077775754035,0.0023269372648903565,0.9976730627351097,0.002233637496829033,0.047201637679901196,0.037262747397951455,device_comparison,,,,,Measured Sample Profile (Suboptimal),Measured Sample Profile (Suboptimal),,,,
tinyvit,V4,V4_hybrid_standard_noise_hat,cifar10,checkpoints/V4_hybrid_standard_noise_hat_best.pt,stages.3.blocks.0.attn.qkv,AnalogLinear,1570,0.01,0.01,0.044815832350379343,0.9551841676496207,0.03634406626224518,0.07125445005430538,0.9287455499456946,0.06666135042905807,0.047201637679901196,0.037262747397951455,device_comparison,,,,,Measured Sample Profile (Suboptimal),Measured Sample Profile (Suboptimal),,,,
tinyvit,V4,V4_hybrid_standard_noise_hat,cifar10,checkpoints/V4_hybrid_standard_noise_hat_best.pt,stages.3.blocks.0.attn.proj,AnalogLinear,1570,0.01,0.01,0.02542599049236649,0.9745740095076335,0.02558593638241291,0.02094554086364094,0.979054459136359,0.024426018819212914,0.047201637679901196,0.037262747397951455,device_comparison,,,,,Measured Sample Profile (Suboptimal),Measured Sample Profile (Suboptimal),,,,
tinyvit,V4,V4_hybrid_standard_noise_hat,cifar10,checkpoints/V4_hybrid_standard_noise_hat_best.pt,stages.3.blocks.0.mlp.fc1,AnalogLinear,1570,0.01,0.01,0.10310868799306784,0.8968913120069322,0.10338807106018066,0.09986111389793408,0.9001388861020659,0.1001155897974968,0.047201637679901196,0.037262747397951455,device_comparison,,,,,Measured Sample Profile (Suboptimal),Measured Sample Profile (Suboptimal),,,,
tinyvit,V4,V4_hybrid_standard_noise_hat,cifar10,checkpoints/V4_hybrid_standard_noise_hat_best.pt,stages.3.blocks.0.mlp.fc2,AnalogLinear,1570,0.01,0.01,0.059631637146898134,0.9403683628531019,0.05362623184919357,0.023781377988256466,0.9762186220117436,0.02378029190003872,0.047201637679901196,0.037262747397951455,device_comparison,,,,,Measured Sample Profile (Suboptimal),Measured Sample Profile (Suboptimal),,,,
tinyvit,V4,V4_hybrid_standard_noise_hat,cifar10,checkpoints/V4_hybrid_standard_noise_hat_best.pt,stages.3.blocks.1.attn.qkv,AnalogLinear,1570,0.01,0.01,0.04741419804086731,0.9525858019591327,0.04722974821925163,0.05051014540111943,0.9494898545988806,0.04927455261349678,0.047201637679901196,0.037262747397951455,device_comparison,,,,,Measured Sample Profile (Suboptimal),Measured Sample Profile (Suboptimal),,,,
tinyvit,V4,V4_hybrid_standard_noise_hat,cifar10,checkpoints/V4_hybrid_standard_noise_hat_best.pt,stages.3.blocks.1.attn.proj,AnalogLinear,1570,0.01,0.01,0.02144985480150979,0.9785501451984903,0.027702486142516136,0.018177280128951284,0.9818227198710487,0.022975126281380653,0.047201637679901196,0.037262747397951455,device_comparison,,,,,Measured Sample Profile (Suboptimal),Measured Sample Profile (Suboptimal),,,,
tinyvit,V4,V4_hybrid_standard_noise_hat,cifar10,checkpoints/V4_hybrid_standard_noise_hat_best.pt,stages.3.blocks.1.mlp.fc1,AnalogLinear,1570,0.01,0.01,0.0414209366224374,0.9585790633775626,0.040051016956567764,0.05156742183455996,0.94843257816544,0.05190528929233551,0.047201637679901196,0.037262747397951455,device_comparison,,,,,Measured Sample Profile (Suboptimal),Measured Sample Profile (Suboptimal),,,,
tinyvit,V4,V4_hybrid_standard_noise_hat,cifar10,checkpoints/V4_hybrid_standard_noise_hat_best.pt,stages.3.blocks.1.mlp.fc2,AnalogLinear,1570,0.01,0.01,0.024113884032555637,0.9758861159674443,0.02257254347205162,0.020851030082080016,0.97914896991792,0.01909179612994194,0.047201637679901196,0.037262747397951455,device_comparison,,,,,Measured Sample Profile (Suboptimal),Measured Sample Profile (Suboptimal),,,,
